{"sources":[{"source":"entity","prefix":"entity/","type":"directory"},{"type":"single","resource":"armors:armor/tungsten/chestplate"},{"type":"single","resource":"mmoitems_pack:hyronic_pack/items/sword/hemophobia"},{"type":"single","resource":"mmoitems_pack:hyronic_pack/items/sword/justice"},{"type":"single","resource":"z_cosmetics:cursor_scroll"},{"type":"single","resource":"tools:weapon_and_tool/cobalt/pickaxe"},{"type":"single","resource":"misc:logs/poplar/log_top"},{"type":"single","resource":"mmoitems_pack:hyronic_pack/items/bow/catastrophe"},{"type":"single","resource":"mmoitems_pack:hyronic_pack/items/rune/time_4"},{"type":"single","resource":"mmoitems_pack:hyronic_pack/items/materials/dragon_scale"},{"type":"single","resource":"mmoitems_pack:hyronic_pack/items/rune/time_5"},{"type":"single","resource":"mmoitems_pack:hyronic_pack/items/rune/time_2"},{"type":"single","resource":"mmoitems_pack:hyronic_pack/items/sword/fury_katana"},{"type":"single","resource":"mmoitems_pack:hyronic_pack/items/rune/time_3"},{"type":"single","resource":"mmoitems_pack:hyronic_pack/items/staff/blightspore"},{"type":"single","resource":"mmoitems_pack:hyronic_pack/items/rune/time_1"},{"type":"single","resource":"mmoitems_pack:hyronic_pack/items/sword/harbinger_of_death"},{"type":"single","resource":"misc:logs/walnut/log"},{"type":"single","resource":"armors:armor/blend_tungs_iron/helmet"},{"type":"single","resource":"mmoitems_pack:hyronic_pack/items/materials/prismatic_fruit"},{"type":"single","resource":"tools:weapon_and_tool/cobalt/axe"},{"type":"single","resource":"misc:logs/poplar/planks"},{"type":"single","resource":"tools:weapon_and_tool/steel/sword"},{"type":"single","resource":"tools:weapon_and_tool/tungsten/sword"},{"type":"single","resource":"ores:ores/raw_mithril_block"},{"type":"single","resource":"mmoitems_pack:hyronic_pack/items/materials/dark_claw"},{"type":"single","resource":"mmoitems_pack:hyronic_pack/items/materials/teal_mushroom"},{"type":"single","resource":"tools:weapon_and_tool/steel/pickaxe"},{"type":"single","resource":"hyronic_pack/items/bow/catastrophe"},{"type":"single","resource":"mmoitems_pack:hyronic_pack/items/sword/paladin_hammer"},{"type":"single","resource":"mmoitems_pack:hyronic_pack/items/bow/sniper_sight_0"},{"type":"single","resource":"mmoitems_pack:hyronic_pack/items/bow/sniper_sight_1"},{"type":"single","resource":"mmoitems_pack:hyronic_pack/items/bow/sniper_sight_2"},{"type":"single","resource":"mmoitems_pack:hyronic_pack/items/staff/voodoo"},{"type":"single","resource":"mmoitems_pack:hyronic_pack/items/materials/withered_rose"},{"type":"single","resource":"mmoitems_pack:hyronic_pack/items/sword/titanium_blade"},{"type":"single","resource":"mmoitems_pack:hyronic_pack/items/potion/mana_potion"},{"type":"single","resource":"modelengine:entity/necrogaurd"},{"type":"single","resource":"armors:armor/blend_st_tungs/leggings"},{"type":"single","resource":"armors:armor/cobalt/chestplate"},{"type":"single","resource":"modelengine:entity/skeleton_archer"},{"type":"single","resource":"modelengine:entity/ghoul_texture"},{"type":"single","resource":"mmoitems_pack:hyronic_pack/items/materials/nightmare_fuel"},{"type":"single","resource":"armors:armor/blend_st_iron/boots"},{"type":"single","resource":"mmoitems_pack:hyronic_pack/items/sword/rememberence"},{"type":"single","resource":"mmoitems_pack:hyronic_pack/items/materials/bloom_doom"},{"type":"single","resource":"_iainternal:icons/icon_arrow_chest"},{"type":"single","resource":"z_cosmetics:tutorial_dont_show_again"},{"type":"single","resource":"mmoitems_pack:hyronic_pack/items/armor/uranium_chestplate"},{"type":"single","resource":"mmoitems_pack:hyronic_pack/items/materials/endercore"},{"type":"single","resource":"mmoitems_pack:hyronic_pack/items/bow/the_predator"},{"type":"single","resource":"hyronic_pack/items/bow/orichalcum_bow"},{"type":"single","resource":"mmoitems_pack:hyronic_pack/items/materials/moss_stone"},{"type":"single","resource":"mmoitems_pack:hyronic_pack/items/bow/platinum_bow"},{"type":"single","resource":"armors:armor/blend_st_iron/helmet"},{"type":"single","resource":"mmoitems_pack:hyronic_pack/items/bow/mythril_bow_0"},{"type":"single","resource":"armors:armor/blend_st_tungs/chestplate"},{"type":"single","resource":"mmoitems_pack:hyronic_pack/items/rune/precision_3"},{"type":"single","resource":"mmoitems_pack:hyronic_pack/items/materials/bomberry"},{"type":"single","resource":"tools:weapon_and_tool/tungsten/pickaxe"},{"type":"single","resource":"mmoitems_pack:hyronic_pack/items/rune/precision_4"},{"type":"single","resource":"mmoitems_pack:hyronic_pack/items/materials/rotting_tissue"},{"type":"single","resource":"mmoitems_pack:hyronic_pack/items/rune/precision_1"},{"type":"single","resource":"ae:items/randomization-gem"},{"type":"single","resource":"z_cosmetics:dyeing_pointer"},{"type":"single","resource":"mmoitems_pack:hyronic_pack/items/rune/precision_2"},{"type":"single","resource":"mmoitems_pack:hyronic_pack/items/rune/precision_5"},{"type":"single","resource":"modelengine:entity/nightharrow_wendigo_ghost_texture"},{"type":"single","resource":"mmoitems_pack:hyronic_pack/items/bow/sniper_sight"},{"type":"single","resource":"modelengine:entity/oldblackwolf"},{"type":"single","resource":"tools:weapon_and_tool/steel/axe"},{"type":"single","resource":"mmoitems_pack:hyronic_pack/items/staff/voidwalker"},{"type":"single","resource":"mmoitems_pack:hyronic_pack/items/bow/hospitality_2"},{"type":"single","resource":"mmoitems_pack:hyronic_pack/items/bow/hospitality_1"},{"type":"single","resource":"mmoitems_pack:hyronic_pack/items/materials/irradiated_metal"},{"type":"single","resource":"mmoitems_pack:hyronic_pack/items/bow/hospitality_0"},{"type":"single","resource":"mmoitems_pack:hyronic_pack/items/potion/small_mana_potion"},{"type":"single","resource":"tools:weapon_and_tool/mithril/shovel"},{"type":"single","resource":"mmoitems_pack:hyronic_pack/items/materials/mutated_fruit"},{"type":"single","resource":"ae:items/rc-elite"},{"type":"single","resource":"mmoitems_pack:hyronic_pack/items/buff_pot/strengthpot_4"},{"type":"single","resource":"mmoitems_pack:hyronic_pack/items/buff_pot/strengthpot_5"},{"type":"single","resource":"mmoitems_pack:hyronic_pack/items/sword/executioner_blade"},{"type":"single","resource":"ae:items/secret-gem"},{"type":"single","resource":"ae:items/rename-feather"},{"type":"single","resource":"mmoitems_pack:hyronic_pack/items/buff_pot/strengthpot_1"},{"type":"single","resource":"mmoitems_pack:hyronic_pack/items/buff_pot/strengthpot_2"},{"type":"single","resource":"mmoitems_pack:hyronic_pack/items/buff_pot/strengthpot_3"},{"type":"single","resource":"mmoitems_pack:hyronic_pack/items/materials/exo_stone"},{"type":"single","resource":"armors:armor/steel/leggings"},{"type":"single","resource":"mmoitems_pack:hyronic_pack/items/bow/mythril_bow_2"},{"type":"single","resource":"mmoitems_pack:hyronic_pack/items/bow/mythril_bow_1"},{"type":"single","resource":"ores:ores/steel_ingot"},{"type":"single","resource":"mmoitems_pack:hyronic_pack/items/potion/supreme_health_potion"},{"type":"single","resource":"mmoitems_pack:hyronic_pack/items/armor/damned_boots"},{"type":"single","resource":"ae:items/transmog-scroll"},{"type":"single","resource":"ores:ores/steel"},{"type":"single","resource":"ores:ores/mithril"},{"type":"single","resource":"z_cosmetics:tutorial"},{"type":"single","resource":"armors:armor/knight/chestplate"},{"type":"single","resource":"armors:armor/blend_st_iron/chestplate"},{"type":"single","resource":"mmoitems_pack:hyronic_pack/items/materials/quinerus_cloak"},{"type":"single","resource":"tools:weapon_and_tool/mithril/axe"},{"type":"single","resource":"mmoitems_pack:hyronic_pack/items/staff/smite"},{"type":"single","resource":"hyronic_pack/items/bow/orichalcum_bow_0"},{"type":"single","resource":"hyronic_pack/items/bow/orichalcum_bow_1"},{"type":"single","resource":"ae:items/armor-orb"},{"type":"single","resource":"hyronic_pack/items/bow/orichalcum_bow_2"},{"type":"single","resource":"mmoitems_pack:hyronic_pack/items/materials/divine_geode"},{"type":"single","resource":"ores:ores/raw_cobalt_block"},{"type":"single","resource":"mmoitems_pack:hyronic_pack/items/armor/damned_leggings"},{"type":"single","resource":"_iainternal:icons/icon_left_blue"},{"type":"single","resource":"hyronic_pack/items/bow/catastrophe_0"},{"type":"single","resource":"hyronic_pack/items/bow/catastrophe_1"},{"type":"single","resource":"hyronic_pack/items/bow/catastrophe_2"},{"type":"single","resource":"armors:armor/knight_dark/boots"},{"type":"single","resource":"hyronic_pack/items/bow/the_predator_1"},{"type":"single","resource":"hyronic_pack/items/bow/the_predator_2"},{"type":"single","resource":"hyronic_pack/items/bow/mythril_bow"},{"type":"single","resource":"mmoitems_pack:hyronic_pack/items/materials/rusted_iron"},{"type":"single","resource":"mmoitems_pack:hyronic_pack/items/materials/endergem"},{"type":"single","resource":"hyronic_pack/items/bow/the_predator_0"},{"type":"single","resource":"mmoitems_pack:hyronic_pack/items/sword/mythril_greatsword"},{"type":"single","resource":"mmoitems_pack:hyronic_pack/items/minerals/uranium"},{"type":"single","resource":"mmoitems_pack:hyronic_pack/items/sword/guillotine"},{"type":"single","resource":"modelengine:entity/nm_grizzly_bear_baby_texture"},{"type":"single","resource":"mmoitems_pack:hyronic_pack/items/buff_pot/lifestealpot_5"},{"type":"single","resource":"mmoitems_pack:hyronic_pack/items/buff_pot/lifestealpot_4"},{"type":"single","resource":"armors:armor/mithril/leggings"},{"type":"single","resource":"tools:weapon_and_tool/malachite/hoe"},{"type":"single","resource":"ores:ores/raw_tungsten_block"},{"type":"single","resource":"mmoitems_pack:hyronic_pack/items/buff_pot/lifestealpot_3"},{"type":"single","resource":"mmoitems_pack:hyronic_pack/items/buff_pot/lifestealpot_2"},{"type":"single","resource":"mmoitems_pack:hyronic_pack/items/buff_pot/lifestealpot_1"},{"type":"single","resource":"mmoitems_pack:hyronic_pack/items/bow/hospitality"},{"type":"single","resource":"tools:weapon_and_tool/mithril/sword"},{"type":"single","resource":"mmoitems_pack:hyronic_pack/items/minerals/iridium_shard"},{"type":"single","resource":"hyronic_pack/items/bow/starflame_0"},{"type":"single","resource":"mmoitems_pack:hyronic_pack/items/armor/uranium_leggings"},{"type":"single","resource":"hyronic_pack/items/bow/starflame_2"},{"type":"single","resource":"hyronic_pack/items/bow/starflame_1"},{"type":"single","resource":"mmoitems_pack:hyronic_pack/items/sword/orichalcum_sword"},{"type":"single","resource":"modelengine:entity/em_pirabulletto"},{"type":"single","resource":"ae:items/weapon-orb"},{"type":"single","resource":"armors:armor/mithril/boots"},{"type":"single","resource":"mmoitems_pack:hyronic_pack/items/bow/inferno"},{"type":"single","resource":"mmoitems_pack:hyronic_pack/items/materials/caeletus_ring"},{"type":"single","resource":"modelengine:entity/skeleton_shaman"},{"type":"single","resource":"mmoitems_pack:hyronic_pack/items/potion/large_mana_potion"},{"type":"single","resource":"tools:weapon_and_tool/cobalt/hoe"},{"type":"single","resource":"ae:items/slot-scroll"},{"type":"single","resource":"mmoitems_pack:hyronic_pack/items/sword/deathbringer"},{"type":"single","resource":"armors:armor/tungsten/helmet"},{"type":"single","resource":"misc:logs/walnut/planks"},{"type":"single","resource":"modelengine:entity/nocsy_sewer_boss"},{"type":"single","resource":"armors:armor/knight_dark/helmet"},{"type":"single","resource":"ores:ores/mithril_ingot"},{"type":"single","resource":"ores:ores/steel_ore"},{"type":"single","resource":"armors:armor/tungsten/leggings"},{"type":"single","resource":"hyronic_pack/items/bow/mythril_bow_2"},{"type":"single","resource":"hyronic_pack/items/bow/platinum_bow_0"},{"type":"single","resource":"tools:weapon_and_tool/steel/shovel"},{"type":"single","resource":"hyronic_pack/items/bow/mythril_bow_0"},{"type":"single","resource":"hyronic_pack/items/bow/platinum_bow_2"},{"type":"single","resource":"misc:logs/almond/log"},{"type":"single","resource":"hyronic_pack/items/bow/platinum_bow_1"},{"type":"single","resource":"hyronic_pack/items/bow/mythril_bow_1"},{"type":"single","resource":"modelengine:entity/sep"},{"type":"single","resource":"armors:armor/blend_st_iron/leggings"},{"type":"single","resource":"mmoitems_pack:hyronic_pack/items/armor/damned_helmet"},{"type":"single","resource":"misc:logs/poplar/log"},{"type":"single","resource":"ae:empty"},{"type":"single","resource":"misc:logs/willow/planks"},{"type":"single","resource":"ores:ores/tungsten"},{"type":"single","resource":"armors:armor/cobalt/helmet"},{"type":"single","resource":"tools:weapon_and_tool/tungsten/shovel"},{"type":"single","resource":"ae:items/remove-scroll"},{"type":"single","resource":"tools:weapon_and_tool/mithril/hoe"},{"type":"single","resource":"mmoitems_pack:hyronic_pack/items/materials/blue_candycane"},{"type":"single","resource":"mmoitems_pack:hyronic_pack/items/materials/hexim_necklace"},{"type":"single","resource":"armors:armor/knight/helmet"},{"type":"single","resource":"mmoitems_pack:hyronic_pack/items/staff/cataclysm"},{"type":"single","resource":"armors:armor/forestwalker/leggings"},{"type":"single","resource":"armors:armor/blend_st_tungs/helmet"},{"type":"single","resource":"mmoitems_pack:hyronic_pack/items/sword/securus"},{"type":"single","resource":"mmoitems_pack:hyronic_pack/items/sword/immolus"},{"type":"single","resource":"ae:items/soulbound-scroll"},{"type":"single","resource":"mmoitems_pack:hyronic_pack/items/sword/last_breath"},{"type":"single","resource":"mmoitems_pack:hyronic_pack/items/sword/earthbound"},{"type":"single","resource":"mmoitems_pack:hyronic_pack/items/materials/slimy_mucus"},{"type":"single","resource":"mmoitems_pack:hyronic_pack/items/minerals/iridium_crystal"},{"type":"single","resource":"mmoitems_pack:hyronic_pack/items/staff/witchcraft"},{"type":"single","resource":"mmoitems_pack:hyronic_pack/items/buff_pot/endurepot_5"},{"type":"single","resource":"mmoitems_pack:hyronic_pack/items/buff_pot/endurepot_4"},{"type":"single","resource":"mmoitems_pack:hyronic_pack/items/materials/warden_heart"},{"type":"single","resource":"mmoitems_pack:hyronic_pack/items/buff_pot/endurepot_1"},{"type":"single","resource":"ae:items/block-tracker"},{"type":"single","resource":"mmoitems_pack:hyronic_pack/items/minerals/orichalcum_ingot"},{"type":"single","resource":"modelengine:entity/troll_blue"},{"type":"single","resource":"mmoitems_pack:hyronic_pack/items/buff_pot/endurepot_3"},{"type":"single","resource":"mmoitems_pack:hyronic_pack/items/buff_pot/endurepot_2"},{"type":"single","resource":"ores:ores/cobalt_ore"},{"type":"single","resource":"modelengine:entity/skeleton_warrior"},{"type":"single","resource":"mmoitems_pack:hyronic_pack/items/sword/wind_blade"},{"type":"single","resource":"ae:items/rc-legendary"},{"type":"single","resource":"mmoitems_pack:hyronic_pack/items/rune/sorcery_1"},{"type":"single","resource":"_iainternal:icons/icon_right_blue"},{"type":"single","resource":"mmoitems_pack:hyronic_pack/items/rune/sorcery_3"},{"type":"single","resource":"armors:armor/malachite/helmet"},{"type":"single","resource":"mmoitems_pack:hyronic_pack/items/rune/sorcery_2"},{"type":"single","resource":"mmoitems_pack:hyronic_pack/items/rune/sorcery_5"},{"type":"single","resource":"mmoitems_pack:hyronic_pack/items/rune/sorcery_4"},{"type":"single","resource":"required/recipe_showcase"},{"type":"single","resource":"mmoitems_pack:hyronic_pack/items/materials/enigma_bacteria"},{"type":"single","resource":"tools:weapon_and_tool/steel/hoe"},{"type":"single","resource":"mmoitems_pack:hyronic_pack/items/bow/starflame"},{"type":"single","resource":"tools:weapon_and_tool/mithril/pickaxe"},{"type":"single","resource":"tools:weapon_and_tool/malachite/axe"},{"type":"single","resource":"modelengine:entity/w"},{"type":"single","resource":"mmoitems_pack:hyronic_pack/items/sword/cobra"},{"type":"single","resource":"mmoitems_pack:hyronic_pack/items/bow/inferno_2"},{"type":"single","resource":"modelengine:entity/nocsy_sewer_spider"},{"type":"single","resource":"mmoitems_pack:hyronic_pack/items/bow/inferno_1"},{"type":"single","resource":"mmoitems_pack:hyronic_pack/items/bow/inferno_0"},{"type":"single","resource":"ores:ores/malachite"},{"type":"single","resource":"mmoitems_pack:hyronic_pack/items/materials/detached_eye"},{"type":"single","resource":"_iainternal:icons/icon_next_orange"},{"type":"single","resource":"ores:ores/cobalt_ingot"},{"type":"single","resource":"modelengine:entity/nocsy_sewer_rat"},{"type":"single","resource":"mmoitems_pack:hyronic_pack/items/bow/the_predator_2"},{"type":"single","resource":"mmoitems_pack:hyronic_pack/items/materials/calamity_handle"},{"type":"single","resource":"mmoitems_pack:hyronic_pack/items/bow/the_predator_0"},{"type":"single","resource":"mmoitems_pack:hyronic_pack/items/bow/the_predator_1"},{"type":"single","resource":"mmoitems_pack:hyronic_pack/items/sword/absolute_zero"},{"type":"single","resource":"armors:armor/steel/helmet"},{"type":"single","resource":"ae:items/protection-scroll"},{"type":"single","resource":"mmoitems_pack:hyronic_pack/items/minerals/uranium_debris"},{"type":"single","resource":"mmoitems_pack:hyronic_pack/items/materials/pink_mushroom"},{"type":"single","resource":"ores:ores/malachite_ingot"},{"type":"single","resource":"ae:items/rc-unique"},{"type":"single","resource":"armors:armor/knight_dark/chestplate"},{"type":"single","resource":"modelengine:entity/em_pirate_b1"},{"type":"single","resource":"modelengine:entity/em_pirate_b3"},{"type":"single","resource":"mmoitems_pack:hyronic_pack/items/materials/hextech_crystal"},{"type":"single","resource":"mmoitems_pack:hyronic_pack/items/sword/sub_zero"},{"type":"single","resource":"modelengine:entity/em_pirate_b2"},{"type":"single","resource":"_iainternal:icons/icon_cancel"},{"type":"single","resource":"mmoitems_pack:hyronic_pack/items/sword/daedalus_replica"},{"type":"single","resource":"mmoitems_pack:hyronic_pack/items/rune/derunator"},{"type":"single","resource":"guis:guis/pixel"},{"type":"single","resource":"ores:ores/cobalt"},{"type":"single","resource":"ae:items/soul-gem"},{"type":"single","resource":"mmoitems_pack:hyronic_pack/items/bow/divenetto_0"},{"type":"single","resource":"mmoitems_pack:hyronic_pack/items/bow/divenetto_2"},{"type":"single","resource":"mmoitems_pack:hyronic_pack/items/bow/divenetto_1"},{"type":"single","resource":"mmoitems_pack:hyronic_pack/items/materials/catastrophe_broken"},{"type":"single","resource":"mmoitems_pack:hyronic_pack/items/staff/scorpio"},{"type":"single","resource":"armors:armor/blend_tungs_iron/boots"},{"type":"single","resource":"modelengine:entity/em_pirate_a2"},{"type":"single","resource":"ores:ores/tungsten_ore"},{"type":"single","resource":"modelengine:entity/em_pirate_a1"},{"type":"single","resource":"misc:logs/willow/log"},{"type":"single","resource":"modelengine:entity/em_pirate_a4"},{"type":"single","resource":"modelengine:entity/em_pirate_a3"},{"type":"single","resource":"armors:armor/steel/chestplate"},{"type":"single","resource":"mmoitems_pack:hyronic_pack/items/sword/shadow"},{"type":"single","resource":"mmoitems_pack:hyronic_pack/items/buff_pot/critpot_2"},{"type":"single","resource":"mmoitems_pack:hyronic_pack/items/buff_pot/critpot_1"},{"type":"single","resource":"mmoitems_pack:hyronic_pack/items/buff_pot/critpot_4"},{"type":"single","resource":"mmoitems_pack:hyronic_pack/items/buff_pot/critpot_3"},{"type":"single","resource":"tools:weapon_and_tool/tungsten/axe"},{"type":"single","resource":"mmoitems_pack:hyronic_pack/items/buff_pot/critpot_5"},{"type":"single","resource":"misc:logs/walnut/log_top"},{"type":"single","resource":"mmoitems_pack:hyronic_pack/items/potion/health_potion"},{"type":"single","resource":"hyronic_pack/items/bow/divenetto"},{"type":"single","resource":"ae:items/lucky-gem"},{"type":"single","resource":"tools:weapon_and_tool/malachite/shovel"},{"type":"single","resource":"mmoitems_pack:hyronic_pack/items/buff_pot/magicpot_4"},{"type":"single","resource":"mmoitems_pack:hyronic_pack/items/armor/damned_chestplate"},{"type":"single","resource":"mmoitems_pack:hyronic_pack/items/buff_pot/magicpot_5"},{"type":"single","resource":"mmoitems_pack:hyronic_pack/items/buff_pot/magicpot_2"},{"type":"single","resource":"modelengine:entity/shadow_fx"},{"type":"single","resource":"mmoitems_pack:hyronic_pack/items/buff_pot/magicpot_3"},{"type":"single","resource":"mmoitems_pack:hyronic_pack/items/rune/vitality_3"},{"type":"single","resource":"mmoitems_pack:hyronic_pack/items/rune/vitality_4"},{"type":"single","resource":"mmoitems_pack:hyronic_pack/items/buff_pot/magicpot_1"},{"type":"single","resource":"mmoitems_pack:hyronic_pack/items/rune/vitality_1"},{"type":"single","resource":"modelengine:entity/lich_king"},{"type":"single","resource":"mmoitems_pack:hyronic_pack/items/rune/vitality_2"},{"type":"single","resource":"mmoitems_pack:hyronic_pack/items/materials/mortos_belt"},{"type":"single","resource":"modelengine:entity/nocsy_sewer_leech"},{"type":"single","resource":"mmoitems_pack:hyronic_pack/items/bow/the_hunt"},{"type":"single","resource":"mmoitems_pack:hyronic_pack/items/materials/nightmare_bar"},{"type":"single","resource":"modelengine:entity/specter_texture"},{"type":"single","resource":"armors:armor/malachite/leggings"},{"type":"single","resource":"hyronic_pack/items/bow/inferno"},{"type":"single","resource":"ores:ores/malachite_ore"},{"type":"single","resource":"hyronic_pack/items/bow/starflame"},{"type":"single","resource":"mmoitems_pack:hyronic_pack/items/bow/platinum_bow_2"},{"type":"single","resource":"mmoitems_pack:hyronic_pack/items/bow/platinum_bow_1"},{"type":"single","resource":"mmoitems_pack:hyronic_pack/items/bow/platinum_bow_0"},{"type":"single","resource":"ores:ores/tungsten_ingot"},{"type":"single","resource":"mmoitems_pack:hyronic_pack/items/staff/continuum"},{"type":"single","resource":"modelengine:entity/covenw"},{"type":"single","resource":"hyronic_pack/items/bow/platinum_bow"},{"type":"single","resource":"ae:items/rc-ultimate"},{"type":"single","resource":"modelengine:entity/nm_grizzly_bear_texture"},{"type":"single","resource":"hyronic_pack/items/bow/divenetto_0"},{"type":"single","resource":"hyronic_pack/items/bow/divenetto_1"},{"type":"single","resource":"hyronic_pack/items/bow/divenetto_2"},{"type":"single","resource":"_iainternal:icons/icon_search"},{"type":"single","resource":"mmoitems_pack:hyronic_pack/items/rune/vitality_5"},{"type":"single","resource":"tools:weapon_and_tool/malachite/sword"},{"type":"single","resource":"mmoitems_pack:hyronic_pack/items/materials/null_cell"},{"type":"single","resource":"ae:items/mob-tracker"},{"type":"single","resource":"misc:logs/almond/planks"},{"type":"single","resource":"armors:armor/knight/boots"},{"type":"single","resource":"mmoitems_pack:hyronic_pack/items/bow/catastrophe_0"},{"type":"single","resource":"armors:armor/forestwalker/chestplate"},{"type":"single","resource":"mmoitems_pack:hyronic_pack/items/bow/catastrophe_2"},{"type":"single","resource":"mmoitems_pack:hyronic_pack/items/bow/catastrophe_1"},{"type":"single","resource":"tools:weapon_and_tool/malachite/pickaxe"},{"type":"single","resource":"misc:logs/willow/log_top"},{"type":"single","resource":"mmoitems_pack:hyronic_pack/items/materials/shard_of_true_ice"},{"type":"single","resource":"ores:ores/raw_malachite_block"},{"type":"single","resource":"mmoitems_pack:hyronic_pack/items/rune/agility_1"},{"type":"single","resource":"armors:armor/blend_tungs_iron/leggings"},{"type":"single","resource":"modelengine:entity/nocsy_sewer_potion_projectile"},{"type":"single","resource":"mmoitems_pack:hyronic_pack/items/staff/starcaller"},{"type":"single","resource":"hyronic_pack/items/bow/inferno_0"},{"type":"single","resource":"modelengine:entity/nocsy_sewer_mosquito"},{"type":"single","resource":"mmoitems_pack:hyronic_pack/items/rune/agility_2"},{"type":"single","resource":"hyronic_pack/items/bow/the_predator"},{"type":"single","resource":"hyronic_pack/items/bow/inferno_2"},{"type":"single","resource":"mmoitems_pack:hyronic_pack/items/rune/agility_3"},{"type":"single","resource":"hyronic_pack/items/bow/inferno_1"},{"type":"single","resource":"mmoitems_pack:hyronic_pack/items/rune/agility_4"},{"type":"single","resource":"mmoitems_pack:hyronic_pack/items/rune/agility_5"},{"type":"single","resource":"mmoitems_pack:hyronic_pack/items/minerals/titanium_ingot"},{"type":"single","resource":"mmoitems_pack:hyronic_pack/items/sword/silverlight"},{"type":"single","resource":"z_cosmetics:cursor_default"},{"type":"single","resource":"mmoitems_pack:hyronic_pack/items/sword/duskshadow"},{"type":"single","resource":"mmoitems_pack:hyronic_pack/items/sword/withered"},{"type":"single","resource":"armors:armor/tungsten/boots"},{"type":"single","resource":"mmoitems_pack:hyronic_pack/items/materials/witch_blood"},{"type":"single","resource":"mmoitems_pack:hyronic_pack/items/materials/silver_leaf"},{"type":"single","resource":"mmoitems_pack:hyronic_pack/items/bow/orichalcum_bow_0"},{"type":"single","resource":"z_cosmetics:cursor_pointer"},{"type":"single","resource":"mmoitems_pack:hyronic_pack/items/bow/orichalcum_bow_2"},{"type":"single","resource":"hyronic_pack/items/bow/sniper_sight"},{"type":"single","resource":"mmoitems_pack:hyronic_pack/items/bow/orichalcum_bow_1"},{"type":"single","resource":"mmoitems_pack:hyronic_pack/items/minerals/mythril_ingot"},{"type":"single","resource":"mmoitems_pack:hyronic_pack/items/materials/omni_blueprint"},{"type":"single","resource":"armors:armor/malachite/chestplate"},{"type":"single","resource":"armors:armor/cobalt/leggings"},{"type":"single","resource":"mmoitems_pack:hyronic_pack/items/armor/uranium_helmet"},{"type":"single","resource":"armors:armor/forestwalker/boots"},{"type":"single","resource":"tools:weapon_and_tool/tungsten/hoe"},{"type":"single","resource":"ae:items/rc-simple"},{"type":"single","resource":"hyronic_pack/items/bow/sniper_sight_0"},{"type":"single","resource":"armors:armor/knight/leggings"},{"type":"single","resource":"hyronic_pack/items/bow/sniper_sight_1"},{"type":"single","resource":"mmoitems_pack:hyronic_pack/items/materials/void_stone"},{"type":"single","resource":"hyronic_pack/items/bow/sniper_sight_2"},{"type":"single","resource":"mmoitems_pack:hyronic_pack/items/potion/large_health_potion"},{"type":"single","resource":"ae:items/soul-tracker"},{"type":"single","resource":"mmoitems_pack:hyronic_pack/items/potion/supreme_mana_potion"},{"type":"single","resource":"hyronic_pack/items/bow/the_hunt"},{"type":"single","resource":"mmoitems_pack:hyronic_pack/items/sword/ark_of_the_cosmos"},{"type":"single","resource":"mmoitems_pack:hyronic_pack/items/staff/event_horizon"},{"type":"single","resource":"mmoitems_pack:hyronic_pack/items/materials/cataclysm_handle"},{"type":"single","resource":"armors:armor/blend_st_tungs/boots"},{"type":"single","resource":"mmoitems_pack:hyronic_pack/items/sword/flesh_flayer"},{"type":"single","resource":"mmoitems_pack:hyronic_pack/items/materials/uncanny_obelisk"},{"type":"single","resource":"mmoitems_pack:hyronic_pack/items/sword/fearmonger"},{"type":"single","resource":"armors:armor/knight_dark/leggings"},{"type":"single","resource":"z_cosmetics:fullscreen_black_item"},{"type":"single","resource":"required/particle"},{"type":"single","resource":"misc:logs/almond/log_top"},{"type":"single","resource":"mmoitems_pack:hyronic_pack/items/materials/black_powder"},{"type":"single","resource":"ae:items/kill-tracker"},{"type":"single","resource":"tools:weapon_and_tool/cobalt/sword"},{"type":"single","resource":"mmoitems_pack:hyronic_pack/items/bow/mythril_bow"},{"type":"single","resource":"mmoitems_pack:hyronic_pack/items/sword/the_trickster"},{"type":"single","resource":"mmoitems_pack:hyronic_pack/items/staff/disrupter"},{"type":"single","resource":"armors:armor/mithril/chestplate"},{"type":"single","resource":"armors:armor/cobalt/boots"},{"type":"single","resource":"tools:weapon_and_tool/cobalt/shovel"},{"type":"single","resource":"modelengine:entity/nightharrow_wendigo_texture"},{"type":"single","resource":"mmoitems_pack:hyronic_pack/items/materials/ignetto_alloy"},{"type":"single","resource":"ores:ores/raw_steel_block"},{"type":"single","resource":"mmoitems_pack:hyronic_pack/items/potion/small_health_potion"},{"type":"single","resource":"ores:ores/mithril_ore"},{"type":"single","resource":"armors:armor/malachite/boots"},{"type":"single","resource":"armors:armor/mithril/helmet"},{"type":"single","resource":"mmoitems_pack:hyronic_pack/items/bow/the_hunt_2"},{"type":"single","resource":"mmoitems_pack:hyronic_pack/items/bow/divenetto"},{"type":"single","resource":"mmoitems_pack:hyronic_pack/items/bow/the_hunt_1"},{"type":"single","resource":"mmoitems_pack:hyronic_pack/items/bow/the_hunt_0"},{"type":"single","resource":"modelengine:entity/shadowcrawler"},{"type":"single","resource":"modelengine:entity/zombie_brute_texture"},{"type":"single","resource":"mmoitems_pack:hyronic_pack/items/sword/calamity"},{"type":"single","resource":"_iainternal:icons/icon_back_orange"},{"type":"single","resource":"mmoitems_pack:hyronic_pack/items/materials/broken_hextech"},{"type":"single","resource":"armors:armor/forestwalker/helmet"},{"type":"single","resource":"mmoitems_pack:hyronic_pack/items/armor/uranium_boots"},{"type":"single","resource":"armors:armor/blend_tungs_iron/chestplate"},{"type":"single","resource":"mmoitems_pack:hyronic_pack/items/bow/orichalcum_bow"},{"type":"single","resource":"mmoitems_pack:hyronic_pack/items/materials/red_candycane"},{"type":"single","resource":"ae:items/tool-orb"},{"type":"single","resource":"hyronic_pack/items/bow/the_hunt_0"},{"type":"single","resource":"hyronic_pack/items/bow/the_hunt_1"},{"type":"single","resource":"hyronic_pack/items/bow/the_hunt_2"},{"type":"single","resource":"mmoitems_pack:hyronic_pack/items/staff/frigid"},{"type":"single","resource":"mmoitems_pack:hyronic_pack/items/bow/starflame_1"},{"type":"single","resource":"mmoitems_pack:hyronic_pack/items/bow/starflame_0"},{"type":"single","resource":"mmoitems_pack:hyronic_pack/items/bow/starflame_2"},{"type":"single","resource":"armors:armor/steel/boots"}]}