{
    "model": {
        "type": "range_dispatch",
        "property": "custom_model_data",
        "fallback": {
            "type": "model",
            "model": "block/black_stained_glass"
        },
        "entries": [
            {
                "threshold": 1,
                "model": {
                    "type": "model",
                    "model": "item/modded/normal"
                }
            },
            {
                "threshold": 2,
                "model": {
                    "type": "model",
                    "model": "item/modded/snow"
                }
            },
            {
                "threshold": 3,
                "model": {
                    "type": "model",
                    "model": "item/modded/d"
                }
            }
        ]
    }
}