{
    "model": {
        "type": "range_dispatch",
        "property": "custom_model_data",
        "fallback": {
            "type": "model",
            "model": "minecraft:item/clay_ball"
        },
        "entries": [
            {
                "threshold": -1,
                "model": {
                    "type": "model",
                    "model": "guis:guis/invisibleitem"
                }
            },
            {
                "threshold": 0,
                "model": {
                    "type": "model",
                    "model": "item/clay_ball"
                }
            }
        ]
    }
}