{
    "model": {
        "type": "range_dispatch",
        "property": "custom_model_data",
        "fallback": {
            "type": "model",
            "model": "minecraft:item/emerald"
        },
        "entries": [
            {
                "threshold": 1,
                "model": {
                    "type": "model",
                    "model": "mmoitems_pack:ia_auto_gen/rune1"
                }
            },
            {
                "threshold": 2,
                "model": {
                    "type": "model",
                    "model": "mmoitems_pack:ia_auto_gen/rune2"
                }
            },
            {
                "threshold": 3,
                "model": {
                    "type": "model",
                    "model": "mmoitems_pack:ia_auto_gen/rune3"
                }
            },
            {
                "threshold": 4,
                "model": {
                    "type": "model",
                    "model": "mmoitems_pack:ia_auto_gen/rune4"
                }
            },
            {
                "threshold": 5,
                "model": {
                    "type": "model",
                    "model": "mmoitems_pack:ia_auto_gen/rune5"
                }
            },
            {
                "threshold": 6,
                "model": {
                    "type": "model",
                    "model": "mmoitems_pack:ia_auto_gen/rune6"
                }
            },
            {
                "threshold": 7,
                "model": {
                    "type": "model",
                    "model": "mmoitems_pack:ia_auto_gen/rune7"
                }
            },
            {
                "threshold": 8,
                "model": {
                    "type": "model",
                    "model": "mmoitems_pack:ia_auto_gen/rune8"
                }
            },
            {
                "threshold": 9,
                "model": {
                    "type": "model",
                    "model": "mmoitems_pack:ia_auto_gen/rune9"
                }
            },
            {
                "threshold": 10,
                "model": {
                    "type": "model",
                    "model": "mmoitems_pack:ia_auto_gen/rune10"
                }
            },
            {
                "threshold": 11,
                "model": {
                    "type": "model",
                    "model": "mmoitems_pack:ia_auto_gen/rune11"
                }
            },
            {
                "threshold": 12,
                "model": {
                    "type": "model",
                    "model": "mmoitems_pack:ia_auto_gen/rune12"
                }
            },
            {
                "threshold": 13,
                "model": {
                    "type": "model",
                    "model": "mmoitems_pack:ia_auto_gen/rune13"
                }
            },
            {
                "threshold": 14,
                "model": {
                    "type": "model",
                    "model": "mmoitems_pack:ia_auto_gen/rune14"
                }
            },
            {
                "threshold": 15,
                "model": {
                    "type": "model",
                    "model": "mmoitems_pack:ia_auto_gen/rune15"
                }
            },
            {
                "threshold": 16,
                "model": {
                    "type": "model",
                    "model": "mmoitems_pack:ia_auto_gen/rune16"
                }
            },
            {
                "threshold": 17,
                "model": {
                    "type": "model",
                    "model": "mmoitems_pack:ia_auto_gen/rune17"
                }
            },
            {
                "threshold": 18,
                "model": {
                    "type": "model",
                    "model": "mmoitems_pack:ia_auto_gen/rune18"
                }
            },
            {
                "threshold": 19,
                "model": {
                    "type": "model",
                    "model": "mmoitems_pack:ia_auto_gen/rune19"
                }
            },
            {
                "threshold": 20,
                "model": {
                    "type": "model",
                    "model": "mmoitems_pack:ia_auto_gen/rune20"
                }
            },
            {
                "threshold": 21,
                "model": {
                    "type": "model",
                    "model": "mmoitems_pack:ia_auto_gen/rune21"
                }
            },
            {
                "threshold": 22,
                "model": {
                    "type": "model",
                    "model": "mmoitems_pack:ia_auto_gen/rune22"
                }
            },
            {
                "threshold": 23,
                "model": {
                    "type": "model",
                    "model": "mmoitems_pack:ia_auto_gen/rune23"
                }
            },
            {
                "threshold": 24,
                "model": {
                    "type": "model",
                    "model": "mmoitems_pack:ia_auto_gen/rune24"
                }
            },
            {
                "threshold": 25,
                "model": {
                    "type": "model",
                    "model": "mmoitems_pack:ia_auto_gen/rune25"
                }
            },
            {
                "threshold": 100,
                "model": {
                    "type": "model",
                    "model": "mmoitems_pack:ia_auto_gen/derunator"
                }
            },
            {
                "threshold": 101,
                "model": {
                    "type": "model",
                    "model": "item/emerald"
                }
            }
        ]
    }
}