{
    "model": {
        "type": "range_dispatch",
        "property": "custom_model_data",
        "fallback": {
            "type": "model",
            "model": "minecraft:item/fermented_spider_eye"
        },
        "entries": [
            {
                "threshold": 9000001,
                "model": {
                    "type": "model",
                    "model": "z_cosmetics:cursor_default"
                }
            },
            {
                "threshold": 9000002,
                "model": {
                    "type": "model",
                    "model": "z_cosmetics:cursor_scroll"
                }
            },
            {
                "threshold": 9000003,
                "model": {
                    "type": "model",
                    "model": "z_cosmetics:cursor_pointer"
                }
            },
            {
                "threshold": 9100003,
                "model": {
                    "type": "model",
                    "model": "z_cosmetics:dyeing_pointer"
                }
            },
            {
                "threshold": 9100004,
                "model": {
                    "type": "model",
                    "model": "z_cosmetics:tutorial"
                }
            },
            {
                "threshold": 9100005,
                "model": {
                    "type": "model",
                    "model": "z_cosmetics:tutorial_dont_show_again"
                }
            },
            {
                "threshold": 9100006,
                "model": {
                    "type": "model",
                    "model": "minecraft:item/fermented_spider_eye"
                }
            }
        ]
    }
}