{
    "model": {
        "type": "range_dispatch",
        "property": "custom_model_data",
        "fallback": {
            "type": "model",
            "model": "item/fishing_rod"
        },
        "entries": [
            {
                "threshold": 10000,
                "model": {
                    "type": "model",
                    "model": "misc:item/heavy_duty_fishing_rod"
                }
            },
            {
                "threshold": 10000,
                "model": {
                    "type": "model",
                    "model": "misc:item/heavy_duty_fishing_rod_cast"
                }
            },
            {
                "threshold": 10001,
                "model": {
                    "type": "model",
                    "model": "misc:item/night_fishing_rod"
                }
            },
            {
                "threshold": 10001,
                "model": {
                    "type": "model",
                    "model": "misc:item/night_fishing_rod_cast"
                }
            },
            {
                "threshold": 10002,
                "model": {
                    "type": "model",
                    "model": "item/fishing_rod"
                }
            }
        ]
    }
}