{
    "model": {
        "type": "range_dispatch",
        "property": "custom_model_data",
        "fallback": {
            "type": "model",
            "model": "minecraft:item/flint"
        },
        "entries": [
            {
                "threshold": 1,
                "model": {
                    "type": "model",
                    "model": "ae:ia_auto_gen/rename-feather"
                }
            },
            {
                "threshold": 2,
                "model": {
                    "type": "model",
                    "model": "ae:ia_auto_gen/soul-gem"
                }
            },
            {
                "threshold": 3,
                "model": {
                    "type": "model",
                    "model": "ae:ia_auto_gen/lucky-gem"
                }
            },
            {
                "threshold": 4,
                "model": {
                    "type": "model",
                    "model": "ae:ia_auto_gen/secret-gem"
                }
            },
            {
                "threshold": 5,
                "model": {
                    "type": "model",
                    "model": "ae:ia_auto_gen/randomization-gem"
                }
            },
            {
                "threshold": 6,
                "model": {
                    "type": "model",
                    "model": "ae:ia_auto_gen/armor-orb"
                }
            },
            {
                "threshold": 7,
                "model": {
                    "type": "model",
                    "model": "ae:ia_auto_gen/weapon-orb"
                }
            },
            {
                "threshold": 8,
                "model": {
                    "type": "model",
                    "model": "ae:ia_auto_gen/tool-orb"
                }
            },
            {
                "threshold": 9,
                "model": {
                    "type": "model",
                    "model": "ae:ia_auto_gen/kill-tracker"
                }
            },
            {
                "threshold": 10,
                "model": {
                    "type": "model",
                    "model": "ae:ia_auto_gen/mob-tracker"
                }
            },
            {
                "threshold": 11,
                "model": {
                    "type": "model",
                    "model": "ae:ia_auto_gen/block-tracker"
                }
            },
            {
                "threshold": 12,
                "model": {
                    "type": "model",
                    "model": "ae:ia_auto_gen/protection-scroll"
                }
            },
            {
                "threshold": 13,
                "model": {
                    "type": "model",
                    "model": "ae:ia_auto_gen/remove-scroll"
                }
            },
            {
                "threshold": 14,
                "model": {
                    "type": "model",
                    "model": "ae:ia_auto_gen/slot-scroll"
                }
            },
            {
                "threshold": 15,
                "model": {
                    "type": "model",
                    "model": "ae:ia_auto_gen/soulbound-scroll"
                }
            },
            {
                "threshold": 16,
                "model": {
                    "type": "model",
                    "model": "ae:ia_auto_gen/transmog-scroll"
                }
            },
            {
                "threshold": 17,
                "model": {
                    "type": "model",
                    "model": "ae:ia_auto_gen/soul-tracker"
                }
            },
            {
                "threshold": 18,
                "model": {
                    "type": "model",
                    "model": "ae:ia_auto_gen/rc-simple"
                }
            },
            {
                "threshold": 19,
                "model": {
                    "type": "model",
                    "model": "ae:ia_auto_gen/rc-unique"
                }
            },
            {
                "threshold": 20,
                "model": {
                    "type": "model",
                    "model": "ae:ia_auto_gen/rc-elite"
                }
            },
            {
                "threshold": 21,
                "model": {
                    "type": "model",
                    "model": "ae:ia_auto_gen/rc-ultimate"
                }
            },
            {
                "threshold": 22,
                "model": {
                    "type": "model",
                    "model": "ae:ia_auto_gen/rc-legendary"
                }
            },
            {
                "threshold": 9999,
                "model": {
                    "type": "model",
                    "model": "ae:ia_auto_gen/empty"
                }
            },
            {
                "threshold": 10000,
                "model": {
                    "type": "model",
                    "model": "item/flint"
                }
            }
        ]
    }
}