{
    "model": {
        "type": "range_dispatch",
        "property": "custom_model_data",
        "fallback": {
            "type": "model",
            "model": "minecraft:item/glass_bottle"
        },
        "entries": [
            {
                "threshold": 1,
                "model": {
                    "type": "model",
                    "model": "mmoitems_pack:ia_auto_gen/pot1"
                }
            },
            {
                "threshold": 2,
                "model": {
                    "type": "model",
                    "model": "mmoitems_pack:ia_auto_gen/pot2"
                }
            },
            {
                "threshold": 3,
                "model": {
                    "type": "model",
                    "model": "mmoitems_pack:ia_auto_gen/pot3"
                }
            },
            {
                "threshold": 4,
                "model": {
                    "type": "model",
                    "model": "mmoitems_pack:ia_auto_gen/pot4"
                }
            },
            {
                "threshold": 5,
                "model": {
                    "type": "model",
                    "model": "mmoitems_pack:ia_auto_gen/pot5"
                }
            },
            {
                "threshold": 6,
                "model": {
                    "type": "model",
                    "model": "mmoitems_pack:ia_auto_gen/pot6"
                }
            },
            {
                "threshold": 7,
                "model": {
                    "type": "model",
                    "model": "mmoitems_pack:ia_auto_gen/pot7"
                }
            },
            {
                "threshold": 8,
                "model": {
                    "type": "model",
                    "model": "mmoitems_pack:ia_auto_gen/pot8"
                }
            },
            {
                "threshold": 9,
                "model": {
                    "type": "model",
                    "model": "mmoitems_pack:ia_auto_gen/bpot1"
                }
            },
            {
                "threshold": 10,
                "model": {
                    "type": "model",
                    "model": "mmoitems_pack:ia_auto_gen/bpot2"
                }
            },
            {
                "threshold": 11,
                "model": {
                    "type": "model",
                    "model": "mmoitems_pack:ia_auto_gen/bpot3"
                }
            },
            {
                "threshold": 12,
                "model": {
                    "type": "model",
                    "model": "mmoitems_pack:ia_auto_gen/bpot4"
                }
            },
            {
                "threshold": 13,
                "model": {
                    "type": "model",
                    "model": "mmoitems_pack:ia_auto_gen/bpot5"
                }
            },
            {
                "threshold": 14,
                "model": {
                    "type": "model",
                    "model": "mmoitems_pack:ia_auto_gen/bpot6"
                }
            },
            {
                "threshold": 15,
                "model": {
                    "type": "model",
                    "model": "mmoitems_pack:ia_auto_gen/bpot7"
                }
            },
            {
                "threshold": 16,
                "model": {
                    "type": "model",
                    "model": "mmoitems_pack:ia_auto_gen/bpot8"
                }
            },
            {
                "threshold": 17,
                "model": {
                    "type": "model",
                    "model": "mmoitems_pack:ia_auto_gen/bpot9"
                }
            },
            {
                "threshold": 18,
                "model": {
                    "type": "model",
                    "model": "mmoitems_pack:ia_auto_gen/bpot10"
                }
            },
            {
                "threshold": 19,
                "model": {
                    "type": "model",
                    "model": "mmoitems_pack:ia_auto_gen/bpot11"
                }
            },
            {
                "threshold": 20,
                "model": {
                    "type": "model",
                    "model": "mmoitems_pack:ia_auto_gen/bpot12"
                }
            },
            {
                "threshold": 21,
                "model": {
                    "type": "model",
                    "model": "mmoitems_pack:ia_auto_gen/bpot13"
                }
            },
            {
                "threshold": 22,
                "model": {
                    "type": "model",
                    "model": "mmoitems_pack:ia_auto_gen/bpot14"
                }
            },
            {
                "threshold": 23,
                "model": {
                    "type": "model",
                    "model": "mmoitems_pack:ia_auto_gen/bpot15"
                }
            },
            {
                "threshold": 24,
                "model": {
                    "type": "model",
                    "model": "mmoitems_pack:ia_auto_gen/bpot16"
                }
            },
            {
                "threshold": 25,
                "model": {
                    "type": "model",
                    "model": "mmoitems_pack:ia_auto_gen/bpot17"
                }
            },
            {
                "threshold": 26,
                "model": {
                    "type": "model",
                    "model": "mmoitems_pack:ia_auto_gen/bpot18"
                }
            },
            {
                "threshold": 27,
                "model": {
                    "type": "model",
                    "model": "mmoitems_pack:ia_auto_gen/bpot19"
                }
            },
            {
                "threshold": 28,
                "model": {
                    "type": "model",
                    "model": "mmoitems_pack:ia_auto_gen/bpot20"
                }
            },
            {
                "threshold": 29,
                "model": {
                    "type": "model",
                    "model": "mmoitems_pack:ia_auto_gen/bpot21"
                }
            },
            {
                "threshold": 30,
                "model": {
                    "type": "model",
                    "model": "mmoitems_pack:ia_auto_gen/bpot22"
                }
            },
            {
                "threshold": 31,
                "model": {
                    "type": "model",
                    "model": "mmoitems_pack:ia_auto_gen/bpot23"
                }
            },
            {
                "threshold": 32,
                "model": {
                    "type": "model",
                    "model": "mmoitems_pack:ia_auto_gen/bpot24"
                }
            },
            {
                "threshold": 33,
                "model": {
                    "type": "model",
                    "model": "mmoitems_pack:ia_auto_gen/bpot25"
                }
            },
            {
                "threshold": 34,
                "model": {
                    "type": "model",
                    "model": "item/glass_bottle"
                }
            }
        ]
    }
}