{
    "model": {
        "type": "range_dispatch",
        "property": "custom_model_data",
        "fallback": {
            "type": "model",
            "model": "minecraft:item/iron_sword"
        },
        "entries": [
            {
                "threshold": 2,
                "model": {
                    "type": "model",
                    "model": "mmoitems_pack:ia_auto_gen/sword2"
                }
            },
            {
                "threshold": 3,
                "model": {
                    "type": "model",
                    "model": "mmoitems_pack:ia_auto_gen/sword3"
                }
            },
            {
                "threshold": 4,
                "model": {
                    "type": "model",
                    "model": "mmoitems_pack:ia_auto_gen/sword4"
                }
            },
            {
                "threshold": 5,
                "model": {
                    "type": "model",
                    "model": "mmoitems_pack:ia_auto_gen/sword5"
                }
            },
            {
                "threshold": 6,
                "model": {
                    "type": "model",
                    "model": "mmoitems_pack:ia_auto_gen/sword6"
                }
            },
            {
                "threshold": 7,
                "model": {
                    "type": "model",
                    "model": "mmoitems_pack:ia_auto_gen/sword7"
                }
            },
            {
                "threshold": 8,
                "model": {
                    "type": "model",
                    "model": "mmoitems_pack:ia_auto_gen/sword8"
                }
            },
            {
                "threshold": 9,
                "model": {
                    "type": "model",
                    "model": "mmoitems_pack:ia_auto_gen/sword9"
                }
            },
            {
                "threshold": 10,
                "model": {
                    "type": "model",
                    "model": "mmoitems_pack:ia_auto_gen/sword10"
                }
            },
            {
                "threshold": 11,
                "model": {
                    "type": "model",
                    "model": "mmoitems_pack:ia_auto_gen/sword11"
                }
            },
            {
                "threshold": 12,
                "model": {
                    "type": "model",
                    "model": "mmoitems_pack:ia_auto_gen/sword12"
                }
            },
            {
                "threshold": 13,
                "model": {
                    "type": "model",
                    "model": "mmoitems_pack:ia_auto_gen/sword13"
                }
            },
            {
                "threshold": 14,
                "model": {
                    "type": "model",
                    "model": "mmoitems_pack:ia_auto_gen/sword14"
                }
            },
            {
                "threshold": 15,
                "model": {
                    "type": "model",
                    "model": "mmoitems_pack:ia_auto_gen/sword15"
                }
            },
            {
                "threshold": 16,
                "model": {
                    "type": "model",
                    "model": "mmoitems_pack:ia_auto_gen/sword16"
                }
            },
            {
                "threshold": 17,
                "model": {
                    "type": "model",
                    "model": "mmoitems_pack:ia_auto_gen/sword17"
                }
            },
            {
                "threshold": 18,
                "model": {
                    "type": "model",
                    "model": "mmoitems_pack:ia_auto_gen/sword18"
                }
            },
            {
                "threshold": 19,
                "model": {
                    "type": "model",
                    "model": "mmoitems_pack:ia_auto_gen/sword19"
                }
            },
            {
                "threshold": 20,
                "model": {
                    "type": "model",
                    "model": "mmoitems_pack:ia_auto_gen/sword20"
                }
            },
            {
                "threshold": 21,
                "model": {
                    "type": "model",
                    "model": "mmoitems_pack:ia_auto_gen/sword21"
                }
            },
            {
                "threshold": 22,
                "model": {
                    "type": "model",
                    "model": "mmoitems_pack:ia_auto_gen/sword22"
                }
            },
            {
                "threshold": 23,
                "model": {
                    "type": "model",
                    "model": "mmoitems_pack:ia_auto_gen/sword23"
                }
            },
            {
                "threshold": 24,
                "model": {
                    "type": "model",
                    "model": "mmoitems_pack:ia_auto_gen/sword24"
                }
            },
            {
                "threshold": 25,
                "model": {
                    "type": "model",
                    "model": "mmoitems_pack:ia_auto_gen/sword25"
                }
            },
            {
                "threshold": 26,
                "model": {
                    "type": "model",
                    "model": "mmoitems_pack:ia_auto_gen/sword26"
                }
            },
            {
                "threshold": 27,
                "model": {
                    "type": "model",
                    "model": "mmoitems_pack:ia_auto_gen/sword27"
                }
            },
            {
                "threshold": 28,
                "model": {
                    "type": "model",
                    "model": "mmoitems_pack:ia_auto_gen/sword28"
                }
            },
            {
                "threshold": 29,
                "model": {
                    "type": "model",
                    "model": "mmoitems_pack:ia_auto_gen/sword29"
                }
            },
            {
                "threshold": 30,
                "model": {
                    "type": "model",
                    "model": "mmoitems_pack:ia_auto_gen/sword30"
                }
            },
            {
                "threshold": 31,
                "model": {
                    "type": "model",
                    "model": "mmoitems_pack:ia_auto_gen/sword31"
                }
            },
            {
                "threshold": 32,
                "model": {
                    "type": "model",
                    "model": "misc:item/greatsword"
                }
            },
            {
                "threshold": 10000,
                "model": {
                    "type": "model",
                    "model": "tools:ia_auto_gen/cobalt_sword"
                }
            },
            {
                "threshold": 10001,
                "model": {
                    "type": "model",
                    "model": "tools:ia_auto_gen/malachite_sword"
                }
            },
            {
                "threshold": 10002,
                "model": {
                    "type": "model",
                    "model": "tools:ia_auto_gen/mithril_sword"
                }
            },
            {
                "threshold": 10003,
                "model": {
                    "type": "model",
                    "model": "tools:ia_auto_gen/steel_sword"
                }
            },
            {
                "threshold": 10004,
                "model": {
                    "type": "model",
                    "model": "tools:ia_auto_gen/tungsten_sword"
                }
            },
            {
                "threshold": 10005,
                "model": {
                    "type": "model",
                    "model": "item/iron_sword"
                }
            }
        ]
    }
}