{
    "model": {
        "type": "range_dispatch",
        "property": "custom_model_data",
        "fallback": {
            "type": "model",
            "model": "minecraft:item/iron_shovel"
        },
        "entries": [
            {
                "threshold": 10000,
                "model": {
                    "type": "model",
                    "model": "tools:ia_auto_gen/cobalt_shovel"
                }
            },
            {
                "threshold": 10001,
                "model": {
                    "type": "model",
                    "model": "tools:ia_auto_gen/malachite_shovel"
                }
            },
            {
                "threshold": 10002,
                "model": {
                    "type": "model",
                    "model": "tools:ia_auto_gen/mithril_shovel"
                }
            },
            {
                "threshold": 10003,
                "model": {
                    "type": "model",
                    "model": "tools:ia_auto_gen/steel_shovel"
                }
            },
            {
                "threshold": 10004,
                "model": {
                    "type": "model",
                    "model": "tools:ia_auto_gen/tungsten_shovel"
                }
            },
            {
                "threshold": 10005,
                "model": {
                    "type": "model",
                    "model": "item/iron_shovel"
                }
            }
        ]
    }
}