{
    "model": {
        "type": "range_dispatch",
        "property": "custom_model_data",
        "fallback": {
            "type": "model",
            "model": "minecraft:block/oak_planks"
        },
        "entries": [
            {
                "threshold": 1,
                "model": {
                    "type": "model",
                    "model": "furnitureengine:1x1_tables/oak_table"
                }
            },
            {
                "threshold": 2,
                "model": {
                    "type": "model",
                    "model": "furnitureengine:1x1_tables/spruce_table"
                }
            },
            {
                "threshold": 3,
                "model": {
                    "type": "model",
                    "model": "furnitureengine:1x1_tables/birch_table"
                }
            },
            {
                "threshold": 4,
                "model": {
                    "type": "model",
                    "model": "furnitureengine:1x1_tables/jungle_table"
                }
            },
            {
                "threshold": 5,
                "model": {
                    "type": "model",
                    "model": "furnitureengine:1x1_tables/acacia_table"
                }
            },
            {
                "threshold": 6,
                "model": {
                    "type": "model",
                    "model": "furnitureengine:1x1_tables/dark_oak_table"
                }
            },
            {
                "threshold": 7,
                "model": {
                    "type": "model",
                    "model": "furnitureengine:1x1_tables/crimson_table"
                }
            },
            {
                "threshold": 8,
                "model": {
                    "type": "model",
                    "model": "furnitureengine:1x1_tables/warped_table"
                }
            },
            {
                "threshold": 9,
                "model": {
                    "type": "model",
                    "model": "furnitureengine:1x1_tables/coffee_table"
                }
            },
            {
                "threshold": 10,
                "model": {
                    "type": "model",
                    "model": "furnitureengine:1x1_chairs/oak_chair"
                }
            },
            {
                "threshold": 11,
                "model": {
                    "type": "model",
                    "model": "furnitureengine:1x1_chairs/spruce_chair"
                }
            },
            {
                "threshold": 12,
                "model": {
                    "type": "model",
                    "model": "furnitureengine:1x1_chairs/birch_chair"
                }
            },
            {
                "threshold": 13,
                "model": {
                    "type": "model",
                    "model": "furnitureengine:1x1_chairs/jungle_chair"
                }
            },
            {
                "threshold": 14,
                "model": {
                    "type": "model",
                    "model": "furnitureengine:1x1_chairs/acacia_chair"
                }
            },
            {
                "threshold": 15,
                "model": {
                    "type": "model",
                    "model": "furnitureengine:1x1_chairs/dark_oak_chair"
                }
            },
            {
                "threshold": 16,
                "model": {
                    "type": "model",
                    "model": "furnitureengine:1x1_chairs/crimson_chair"
                }
            },
            {
                "threshold": 17,
                "model": {
                    "type": "model",
                    "model": "furnitureengine:1x1_chairs/warped_chair"
                }
            },
            {
                "threshold": 18,
                "model": {
                    "type": "model",
                    "model": "furnitureengine:1x1_chairs/armchairs/white_armchair"
                }
            },
            {
                "threshold": 19,
                "model": {
                    "type": "model",
                    "model": "furnitureengine:1x1_chairs/armchairs/orange_armchair"
                }
            },
            {
                "threshold": 20,
                "model": {
                    "type": "model",
                    "model": "furnitureengine:1x1_chairs/armchairs/magenta_armchair"
                }
            },
            {
                "threshold": 21,
                "model": {
                    "type": "model",
                    "model": "furnitureengine:1x1_chairs/armchairs/light_blue_armchair"
                }
            },
            {
                "threshold": 22,
                "model": {
                    "type": "model",
                    "model": "furnitureengine:1x1_chairs/armchairs/yellow_armchair"
                }
            },
            {
                "threshold": 23,
                "model": {
                    "type": "model",
                    "model": "furnitureengine:1x1_chairs/armchairs/lime_armchair"
                }
            },
            {
                "threshold": 24,
                "model": {
                    "type": "model",
                    "model": "furnitureengine:1x1_chairs/armchairs/pink_armchair"
                }
            },
            {
                "threshold": 25,
                "model": {
                    "type": "model",
                    "model": "furnitureengine:1x1_chairs/armchairs/gray_armchair"
                }
            },
            {
                "threshold": 26,
                "model": {
                    "type": "model",
                    "model": "furnitureengine:1x1_chairs/armchairs/light_gray_armchair"
                }
            },
            {
                "threshold": 27,
                "model": {
                    "type": "model",
                    "model": "furnitureengine:1x1_chairs/armchairs/cyan_armchair"
                }
            },
            {
                "threshold": 28,
                "model": {
                    "type": "model",
                    "model": "furnitureengine:1x1_chairs/armchairs/purple_armchair"
                }
            },
            {
                "threshold": 29,
                "model": {
                    "type": "model",
                    "model": "furnitureengine:1x1_chairs/armchairs/blue_armchair"
                }
            },
            {
                "threshold": 30,
                "model": {
                    "type": "model",
                    "model": "furnitureengine:1x1_chairs/armchairs/brown_armchair"
                }
            },
            {
                "threshold": 31,
                "model": {
                    "type": "model",
                    "model": "furnitureengine:1x1_chairs/armchairs/green_armchair"
                }
            },
            {
                "threshold": 32,
                "model": {
                    "type": "model",
                    "model": "furnitureengine:1x1_chairs/armchairs/red_armchair"
                }
            },
            {
                "threshold": 33,
                "model": {
                    "type": "model",
                    "model": "furnitureengine:1x1_chairs/armchairs/black_armchair"
                }
            },
            {
                "threshold": 34,
                "model": {
                    "type": "model",
                    "model": "furnitureengine:1x1_desks/oak_desk"
                }
            },
            {
                "threshold": 35,
                "model": {
                    "type": "model",
                    "model": "furnitureengine:1x1_desks/spruce_desk"
                }
            },
            {
                "threshold": 36,
                "model": {
                    "type": "model",
                    "model": "furnitureengine:1x1_desks/birch_desk"
                }
            },
            {
                "threshold": 37,
                "model": {
                    "type": "model",
                    "model": "furnitureengine:1x1_desks/jungle_desk"
                }
            },
            {
                "threshold": 38,
                "model": {
                    "type": "model",
                    "model": "furnitureengine:1x1_desks/acacia_desk"
                }
            },
            {
                "threshold": 39,
                "model": {
                    "type": "model",
                    "model": "furnitureengine:1x1_desks/dark_oak_desk"
                }
            },
            {
                "threshold": 40,
                "model": {
                    "type": "model",
                    "model": "furnitureengine:1x1_desks/crimson_desk"
                }
            },
            {
                "threshold": 41,
                "model": {
                    "type": "model",
                    "model": "furnitureengine:1x1_desks/warped_desk"
                }
            },
            {
                "threshold": 42,
                "model": {
                    "type": "model",
                    "model": "furnitureengine:1x1_chairs/bar_stool"
                }
            },
            {
                "threshold": 43,
                "model": {
                    "type": "model",
                    "model": "furnitureengine:1x1_stools/white_stool"
                }
            },
            {
                "threshold": 44,
                "model": {
                    "type": "model",
                    "model": "furnitureengine:1x1_stools/orange_stool"
                }
            },
            {
                "threshold": 45,
                "model": {
                    "type": "model",
                    "model": "furnitureengine:1x1_stools/magenta_stool"
                }
            },
            {
                "threshold": 46,
                "model": {
                    "type": "model",
                    "model": "furnitureengine:1x1_stools/light_blue_stool"
                }
            },
            {
                "threshold": 47,
                "model": {
                    "type": "model",
                    "model": "furnitureengine:1x1_stools/yellow_stool"
                }
            },
            {
                "threshold": 48,
                "model": {
                    "type": "model",
                    "model": "furnitureengine:1x1_stools/lime_stool"
                }
            },
            {
                "threshold": 49,
                "model": {
                    "type": "model",
                    "model": "furnitureengine:1x1_stools/pink_stool"
                }
            },
            {
                "threshold": 50,
                "model": {
                    "type": "model",
                    "model": "furnitureengine:1x1_stools/gray_stool"
                }
            },
            {
                "threshold": 51,
                "model": {
                    "type": "model",
                    "model": "furnitureengine:1x1_stools/light_gray_stool"
                }
            },
            {
                "threshold": 52,
                "model": {
                    "type": "model",
                    "model": "furnitureengine:1x1_stools/cyan_stool"
                }
            },
            {
                "threshold": 53,
                "model": {
                    "type": "model",
                    "model": "furnitureengine:1x1_stools/purple_stool"
                }
            },
            {
                "threshold": 54,
                "model": {
                    "type": "model",
                    "model": "furnitureengine:1x1_stools/blue_stool"
                }
            },
            {
                "threshold": 55,
                "model": {
                    "type": "model",
                    "model": "furnitureengine:1x1_stools/brown_stool"
                }
            },
            {
                "threshold": 56,
                "model": {
                    "type": "model",
                    "model": "furnitureengine:1x1_stools/green_stool"
                }
            },
            {
                "threshold": 57,
                "model": {
                    "type": "model",
                    "model": "furnitureengine:1x1_stools/red_stool"
                }
            },
            {
                "threshold": 58,
                "model": {
                    "type": "model",
                    "model": "furnitureengine:1x1_stools/black_stool"
                }
            },
            {
                "threshold": 59,
                "model": {
                    "type": "model",
                    "model": "furnitureengine:1x1_office_chairs/white_office_chair"
                }
            },
            {
                "threshold": 60,
                "model": {
                    "type": "model",
                    "model": "furnitureengine:1x1_office_chairs/orange_office_chair"
                }
            },
            {
                "threshold": 61,
                "model": {
                    "type": "model",
                    "model": "furnitureengine:1x1_office_chairs/magenta_office_chair"
                }
            },
            {
                "threshold": 62,
                "model": {
                    "type": "model",
                    "model": "furnitureengine:1x1_office_chairs/light_blue_office_chair"
                }
            },
            {
                "threshold": 63,
                "model": {
                    "type": "model",
                    "model": "furnitureengine:1x1_office_chairs/yellow_office_chair"
                }
            },
            {
                "threshold": 64,
                "model": {
                    "type": "model",
                    "model": "furnitureengine:1x1_office_chairs/lime_office_chair"
                }
            },
            {
                "threshold": 65,
                "model": {
                    "type": "model",
                    "model": "furnitureengine:1x1_office_chairs/pink_office_chair"
                }
            },
            {
                "threshold": 66,
                "model": {
                    "type": "model",
                    "model": "furnitureengine:1x1_office_chairs/gray_office_chair"
                }
            },
            {
                "threshold": 67,
                "model": {
                    "type": "model",
                    "model": "furnitureengine:1x1_office_chairs/light_gray_office_chair"
                }
            },
            {
                "threshold": 68,
                "model": {
                    "type": "model",
                    "model": "furnitureengine:1x1_office_chairs/cyan_office_chair"
                }
            },
            {
                "threshold": 69,
                "model": {
                    "type": "model",
                    "model": "furnitureengine:1x1_office_chairs/purple_office_chair"
                }
            },
            {
                "threshold": 70,
                "model": {
                    "type": "model",
                    "model": "furnitureengine:1x1_office_chairs/blue_office_chair"
                }
            },
            {
                "threshold": 71,
                "model": {
                    "type": "model",
                    "model": "furnitureengine:1x1_office_chairs/brown_office_chair"
                }
            },
            {
                "threshold": 72,
                "model": {
                    "type": "model",
                    "model": "furnitureengine:1x1_office_chairs/green_office_chair"
                }
            },
            {
                "threshold": 73,
                "model": {
                    "type": "model",
                    "model": "furnitureengine:1x1_office_chairs/red_office_chair"
                }
            },
            {
                "threshold": 74,
                "model": {
                    "type": "model",
                    "model": "furnitureengine:1x1_office_chairs/black_office_chair"
                }
            },
            {
                "threshold": 75,
                "model": {
                    "type": "model",
                    "model": "furnitureengine:misc/grave"
                }
            },
            {
                "threshold": 76,
                "model": {
                    "type": "model",
                    "model": "furnitureengine:misc/bin"
                }
            },
            {
                "threshold": 77,
                "model": {
                    "type": "model",
                    "model": "furnitureengine:2x2_chairs/acacia_bench"
                }
            },
            {
                "threshold": 78,
                "model": {
                    "type": "model",
                    "model": "furnitureengine:2x2_chairs/birch_bench"
                }
            },
            {
                "threshold": 79,
                "model": {
                    "type": "model",
                    "model": "furnitureengine:2x2_chairs/crimson_bench"
                }
            },
            {
                "threshold": 80,
                "model": {
                    "type": "model",
                    "model": "furnitureengine:2x2_chairs/dark_oak_bench"
                }
            },
            {
                "threshold": 81,
                "model": {
                    "type": "model",
                    "model": "furnitureengine:2x2_chairs/jungle_bench"
                }
            },
            {
                "threshold": 82,
                "model": {
                    "type": "model",
                    "model": "furnitureengine:2x2_chairs/oak_bench"
                }
            },
            {
                "threshold": 83,
                "model": {
                    "type": "model",
                    "model": "furnitureengine:2x2_chairs/spruce_bench"
                }
            },
            {
                "threshold": 84,
                "model": {
                    "type": "model",
                    "model": "furnitureengine:2x2_chairs/warped_bench"
                }
            }
        ]
    }
}