{
    "model": {
        "type": "range_dispatch",
        "property": "custom_model_data",
        "fallback": {
            "type": "model",
            "model": "item/paper"
        },
        "entries": [
            {
                "threshold": 5,
                "model": {
                    "type": "model",
                    "model": "mmoitems_pack:ia_auto_gen/p5"
                }
            },
            {
                "threshold": 6,
                "model": {
                    "type": "model",
                    "model": "mmoitems_pack:ia_auto_gen/p6"
                }
            },
            {
                "threshold": 7,
                "model": {
                    "type": "model",
                    "model": "mmoitems_pack:ia_auto_gen/p7"
                }
            },
            {
                "threshold": 8,
                "model": {
                    "type": "model",
                    "model": "mmoitems_pack:ia_auto_gen/p8"
                }
            },
            {
                "threshold": 9,
                "model": {
                    "type": "model",
                    "model": "mmoitems_pack:ia_auto_gen/p9"
                }
            },
            {
                "threshold": 10,
                "model": {
                    "type": "model",
                    "model": "mmoitems_pack:ia_auto_gen/p10"
                }
            },
            {
                "threshold": 11,
                "model": {
                    "type": "model",
                    "model": "mmoitems_pack:ia_auto_gen/p11"
                }
            },
            {
                "threshold": 12,
                "model": {
                    "type": "model",
                    "model": "mmoitems_pack:ia_auto_gen/p12"
                }
            },
            {
                "threshold": 13,
                "model": {
                    "type": "model",
                    "model": "mmoitems_pack:ia_auto_gen/p13"
                }
            },
            {
                "threshold": 14,
                "model": {
                    "type": "model",
                    "model": "misc:ia_auto_gen/example_tooltip"
                }
            },
            {
                "threshold": 15,
                "model": {
                    "type": "model",
                    "model": "misc:ia_auto_gen/infusion_green"
                }
            },
            {
                "threshold": 17,
                "model": {
                    "type": "model",
                    "model": "misc:ia_auto_gen/infusion_orange"
                }
            },
            {
                "threshold": 18,
                "model": {
                    "type": "model",
                    "model": "misc:ia_auto_gen/infusion_pink"
                }
            },
            {
                "threshold": 19,
                "model": {
                    "type": "model",
                    "model": "mmoitems_pack:ia_auto_gen/p19"
                }
            },
            {
                "threshold": 20,
                "model": {
                    "type": "model",
                    "model": "mmoitems_pack:ia_auto_gen/p20"
                }
            },
            {
                "threshold": 21,
                "model": {
                    "type": "model",
                    "model": "mmoitems_pack:ia_auto_gen/p21"
                }
            },
            {
                "threshold": 22,
                "model": {
                    "type": "model",
                    "model": "misc:ia_auto_gen/infusion_purple"
                }
            },
            {
                "threshold": 23,
                "model": {
                    "type": "model",
                    "model": "mmoitems_pack:ia_auto_gen/p23"
                }
            },
            {
                "threshold": 24,
                "model": {
                    "type": "model",
                    "model": "mmoitems_pack:ia_auto_gen/p24"
                }
            },
            {
                "threshold": 25,
                "model": {
                    "type": "model",
                    "model": "mmoitems_pack:ia_auto_gen/p25"
                }
            },
            {
                "threshold": 26,
                "model": {
                    "type": "model",
                    "model": "mmoitems_pack:ia_auto_gen/p26"
                }
            },
            {
                "threshold": 27,
                "model": {
                    "type": "model",
                    "model": "mmoitems_pack:ia_auto_gen/p27"
                }
            },
            {
                "threshold": 28,
                "model": {
                    "type": "model",
                    "model": "mmoitems_pack:ia_auto_gen/p28"
                }
            },
            {
                "threshold": 29,
                "model": {
                    "type": "model",
                    "model": "mmoitems_pack:ia_auto_gen/p29"
                }
            },
            {
                "threshold": 31,
                "model": {
                    "type": "model",
                    "model": "misc:ia_auto_gen/infusion_teal"
                }
            },
            {
                "threshold": 32,
                "model": {
                    "type": "model",
                    "model": "mmoitems_pack:ia_auto_gen/p31"
                }
            },
            {
                "threshold": 33,
                "model": {
                    "type": "model",
                    "model": "mmoitems_pack:ia_auto_gen/p32"
                }
            },
            {
                "threshold": 34,
                "model": {
                    "type": "model",
                    "model": "mmoitems_pack:ia_auto_gen/p33"
                }
            },
            {
                "threshold": 35,
                "model": {
                    "type": "model",
                    "model": "misc:ia_auto_gen/infusion_white"
                }
            },
            {
                "threshold": 36,
                "model": {
                    "type": "model",
                    "model": "misc:ia_auto_gen/infusion_yellow"
                }
            },
            {
                "threshold": 37,
                "model": {
                    "type": "model",
                    "model": "misc:ia_auto_gen/scroll"
                }
            },
            {
                "threshold": 39,
                "model": {
                    "type": "model",
                    "model": "mmoitems_pack:ia_auto_gen/p39"
                }
            },
            {
                "threshold": 40,
                "model": {
                    "type": "model",
                    "model": "mmoitems_pack:ia_auto_gen/p40"
                }
            },
            {
                "threshold": 41,
                "model": {
                    "type": "model",
                    "model": "mmoitems_pack:ia_auto_gen/p41"
                }
            },
            {
                "threshold": 42,
                "model": {
                    "type": "model",
                    "model": "mmoitems_pack:ia_auto_gen/p42"
                }
            },
            {
                "threshold": 43,
                "model": {
                    "type": "model",
                    "model": "mmoitems_pack:ia_auto_gen/p43"
                }
            },
            {
                "threshold": 44,
                "model": {
                    "type": "model",
                    "model": "mmoitems_pack:ia_auto_gen/p44"
                }
            },
            {
                "threshold": 45,
                "model": {
                    "type": "model",
                    "model": "mmoitems_pack:ia_auto_gen/p45"
                }
            },
            {
                "threshold": 46,
                "model": {
                    "type": "model",
                    "model": "mmoitems_pack:ia_auto_gen/p46"
                }
            },
            {
                "threshold": 47,
                "model": {
                    "type": "model",
                    "model": "mmoitems_pack:ia_auto_gen/p47"
                }
            },
            {
                "threshold": 48,
                "model": {
                    "type": "model",
                    "model": "mmoitems_pack:ia_auto_gen/p48"
                }
            },
            {
                "threshold": 49,
                "model": {
                    "type": "model",
                    "model": "mmoitems_pack:ia_auto_gen/p49"
                }
            },
            {
                "threshold": 50,
                "model": {
                    "type": "model",
                    "model": "mmoitems_pack:ia_auto_gen/p50"
                }
            },
            {
                "threshold": 51,
                "model": {
                    "type": "model",
                    "model": "mmoitems_pack:ia_auto_gen/p51"
                }
            },
            {
                "threshold": 52,
                "model": {
                    "type": "model",
                    "model": "mmoitems_pack:ia_auto_gen/p52"
                }
            },
            {
                "threshold": 53,
                "model": {
                    "type": "model",
                    "model": "mmoitems_pack:ia_auto_gen/p53"
                }
            },
            {
                "threshold": 54,
                "model": {
                    "type": "model",
                    "model": "mmoitems_pack:ia_auto_gen/p54"
                }
            },
            {
                "threshold": 55,
                "model": {
                    "type": "model",
                    "model": "mmoitems_pack:ia_auto_gen/p55"
                }
            },
            {
                "threshold": 56,
                "model": {
                    "type": "model",
                    "model": "mmoitems_pack:ia_auto_gen/p56"
                }
            },
            {
                "threshold": 57,
                "model": {
                    "type": "model",
                    "model": "mmoitems_pack:ia_auto_gen/p57"
                }
            },
            {
                "threshold": 58,
                "model": {
                    "type": "model",
                    "model": "mmoitems_pack:ia_auto_gen/p58"
                }
            },
            {
                "threshold": 59,
                "model": {
                    "type": "model",
                    "model": "mmoitems_pack:ia_auto_gen/p59"
                }
            },
            {
                "threshold": 61,
                "model": {
                    "type": "model",
                    "model": "mmoitems_pack:ia_auto_gen/p61"
                }
            },
            {
                "threshold": 62,
                "model": {
                    "type": "model",
                    "model": "mmoitems_pack:ia_auto_gen/p62"
                }
            },
            {
                "threshold": 63,
                "model": {
                    "type": "model",
                    "model": "mmoitems_pack:ia_auto_gen/p63"
                }
            },
            {
                "threshold": 64,
                "model": {
                    "type": "model",
                    "model": "mmoitems_pack:ia_auto_gen/p64"
                }
            },
            {
                "threshold": 65,
                "model": {
                    "type": "model",
                    "model": "mmoitems_pack:ia_auto_gen/p65"
                }
            },
            {
                "threshold": 66,
                "model": {
                    "type": "model",
                    "model": "mmoitems_pack:ia_auto_gen/p66"
                }
            },
            {
                "threshold": 67,
                "model": {
                    "type": "model",
                    "model": "mmoitems_pack:ia_auto_gen/p67"
                }
            },
            {
                "threshold": 74,
                "model": {
                    "type": "model",
                    "model": "misc:ia_auto_gen/coin"
                }
            },
            {
                "threshold": 75,
                "model": {
                    "type": "model",
                    "model": "misc:item/anchor"
                }
            },
            {
                "threshold": 76,
                "model": {
                    "type": "model",
                    "model": "misc:ia_auto_gen/blob_fish"
                }
            },
            {
                "threshold": 77,
                "model": {
                    "type": "model",
                    "model": "misc:ia_auto_gen/parrot_fish"
                }
            },
            {
                "threshold": 78,
                "model": {
                    "type": "model",
                    "model": "misc:ia_auto_gen/lion_fish"
                }
            },
            {
                "threshold": 79,
                "model": {
                    "type": "model",
                    "model": "misc:ia_auto_gen/angler_fish"
                }
            },
            {
                "threshold": 80,
                "model": {
                    "type": "model",
                    "model": "misc:ia_auto_gen/electric_eel"
                }
            },
            {
                "threshold": 81,
                "model": {
                    "type": "model",
                    "model": "misc:ia_auto_gen/ghost_fish"
                }
            },
            {
                "threshold": 82,
                "model": {
                    "type": "model",
                    "model": "misc:ia_auto_gen/scrap_1"
                }
            },
            {
                "threshold": 83,
                "model": {
                    "type": "model",
                    "model": "misc:ia_auto_gen/scrap_2"
                }
            },
            {
                "threshold": 84,
                "model": {
                    "type": "model",
                    "model": "misc:ia_auto_gen/scrap_3"
                }
            },
            {
                "threshold": 104,
                "model": {
                    "type": "model",
                    "model": "custom/slot_blank"
                }
            },
            {
                "threshold": 117,
                "model": {
                    "type": "model",
                    "model": "custom/helmet"
                }
            },
            {
                "threshold": 118,
                "model": {
                    "type": "model",
                    "model": "custom/chestplate"
                }
            },
            {
                "threshold": 119,
                "model": {
                    "type": "model",
                    "model": "custom/legging"
                }
            },
            {
                "threshold": 120,
                "model": {
                    "type": "model",
                    "model": "custom/boot"
                }
            },
            {
                "threshold": 121,
                "model": {
                    "type": "model",
                    "model": "custom/main"
                }
            },
            {
                "threshold": 122,
                "model": {
                    "type": "model",
                    "model": "custom/off"
                }
            },
            {
                "threshold": 123,
                "model": {
                    "type": "model",
                    "model": "custom/online"
                }
            },
            {
                "threshold": 124,
                "model": {
                    "type": "model",
                    "model": "custom/offline"
                }
            },
            {
                "threshold": 125,
                "model": {
                    "type": "model",
                    "model": "custom/uparrow"
                }
            },
            {
                "threshold": 126,
                "model": {
                    "type": "model",
                    "model": "custom/btn_off"
                }
            },
            {
                "threshold": 127,
                "model": {
                    "type": "model",
                    "model": "custom/afk"
                }
            },
            {
                "threshold": 128,
                "model": {
                    "type": "model",
                    "model": "custom/miner"
                }
            },
            {
                "threshold": 129,
                "model": {
                    "type": "model",
                    "model": "custom/miner2"
                }
            },
            {
                "threshold": 130,
                "model": {
                    "type": "model",
                    "model": "custom/hunter"
                }
            },
            {
                "threshold": 131,
                "model": {
                    "type": "model",
                    "model": "custom/hunter2"
                }
            },
            {
                "threshold": 132,
                "model": {
                    "type": "model",
                    "model": "custom/farmer"
                }
            },
            {
                "threshold": 133,
                "model": {
                    "type": "model",
                    "model": "custom/farmer2"
                }
            },
            {
                "threshold": 134,
                "model": {
                    "type": "model",
                    "model": "custom/woodcutter"
                }
            },
            {
                "threshold": 135,
                "model": {
                    "type": "model",
                    "model": "custom/woodcutter2"
                }
            },
            {
                "threshold": 136,
                "model": {
                    "type": "model",
                    "model": "custom/fisherman"
                }
            },
            {
                "threshold": 137,
                "model": {
                    "type": "model",
                    "model": "custom/fisherman2"
                }
            },
            {
                "threshold": 138,
                "model": {
                    "type": "model",
                    "model": "custom/digger"
                }
            },
            {
                "threshold": 139,
                "model": {
                    "type": "model",
                    "model": "custom/digger2"
                }
            },
            {
                "threshold": 140,
                "model": {
                    "type": "model",
                    "model": "custom/enchanter"
                }
            },
            {
                "threshold": 141,
                "model": {
                    "type": "model",
                    "model": "custom/enchanter2"
                }
            },
            {
                "threshold": 142,
                "model": {
                    "type": "model",
                    "model": "custom/explorer"
                }
            },
            {
                "threshold": 143,
                "model": {
                    "type": "model",
                    "model": "custom/explorer2"
                }
            },
            {
                "threshold": 144,
                "model": {
                    "type": "model",
                    "model": "custom/soon"
                }
            },
            {
                "threshold": 3301,
                "model": {
                    "type": "model",
                    "model": "guis:ia_auto_gen/battlepass_chest"
                }
            },
            {
                "threshold": 3302,
                "model": {
                    "type": "model",
                    "model": "guis:ia_auto_gen/battlepass_chestopen"
                }
            },
            {
                "threshold": 3303,
                "model": {
                    "type": "model",
                    "model": "guis:ia_auto_gen/battlepass_chestfull"
                }
            },
            {
                "threshold": 3304,
                "model": {
                    "type": "model",
                    "model": "guis:ia_auto_gen/battlepass_chestdark"
                }
            },
            {
                "threshold": 3305,
                "model": {
                    "type": "model",
                    "model": "guis:ia_auto_gen/battlepass_book"
                }
            },
            {
                "threshold": 3306,
                "model": {
                    "type": "model",
                    "model": "guis:ia_auto_gen/battlepass_bookdark"
                }
            },
            {
                "threshold": 4001,
                "model": {
                    "type": "model",
                    "model": "guis:ia_auto_gen/battlepass_green"
                }
            },
            {
                "threshold": 4002,
                "model": {
                    "type": "model",
                    "model": "guis:ia_auto_gen/battlepass_yellow"
                }
            },
            {
                "threshold": 4003,
                "model": {
                    "type": "model",
                    "model": "guis:ia_auto_gen/battlepass_red"
                }
            },
            {
                "threshold": 10000,
                "model": {
                    "type": "model",
                    "model": "_iainternal:ia_auto_gen/icon_left_blue"
                }
            },
            {
                "threshold": 10001,
                "model": {
                    "type": "model",
                    "model": "_iainternal:ia_auto_gen/icon_right_blue"
                }
            },
            {
                "threshold": 10002,
                "model": {
                    "type": "model",
                    "model": "_iainternal:ia_auto_gen/icon_search"
                }
            },
            {
                "threshold": 10003,
                "model": {
                    "type": "model",
                    "model": "_iainternal:ia_auto_gen/icon_cancel"
                }
            },
            {
                "threshold": 10004,
                "model": {
                    "type": "model",
                    "model": "_iainternal:ia_auto_gen/icon_arrow_chest"
                }
            },
            {
                "threshold": 10005,
                "model": {
                    "type": "model",
                    "model": "_iainternal:ia_auto_gen/icon_back_orange"
                }
            },
            {
                "threshold": 10006,
                "model": {
                    "type": "model",
                    "model": "_iainternal:ia_auto_gen/icon_next_orange"
                }
            },
            {
                "threshold": 10007,
                "model": {
                    "type": "model",
                    "model": "ores:ia_auto_gen/cobalt_ore"
                }
            },
            {
                "threshold": 10008,
                "model": {
                    "type": "model",
                    "model": "ores:ia_auto_gen/malachite_ore"
                }
            },
            {
                "threshold": 10009,
                "model": {
                    "type": "model",
                    "model": "ores:ia_auto_gen/mithril_ore"
                }
            },
            {
                "threshold": 10010,
                "model": {
                    "type": "model",
                    "model": "ores:ia_auto_gen/steel_ore"
                }
            },
            {
                "threshold": 10011,
                "model": {
                    "type": "model",
                    "model": "ores:ia_auto_gen/tungsten_ore"
                }
            },
            {
                "threshold": 10012,
                "model": {
                    "type": "model",
                    "model": "ores:ia_auto_gen/raw_cobalt_block"
                }
            },
            {
                "threshold": 10013,
                "model": {
                    "type": "model",
                    "model": "ores:ia_auto_gen/raw_malachite_block"
                }
            },
            {
                "threshold": 10014,
                "model": {
                    "type": "model",
                    "model": "ores:ia_auto_gen/raw_mithril_block"
                }
            },
            {
                "threshold": 10015,
                "model": {
                    "type": "model",
                    "model": "ores:ia_auto_gen/raw_steel_block"
                }
            },
            {
                "threshold": 10016,
                "model": {
                    "type": "model",
                    "model": "ores:ia_auto_gen/raw_tungsten_block"
                }
            },
            {
                "threshold": 10017,
                "model": {
                    "type": "model",
                    "model": "ores:ia_auto_gen/cobalt"
                }
            },
            {
                "threshold": 10018,
                "model": {
                    "type": "model",
                    "model": "ores:ia_auto_gen/malachite"
                }
            },
            {
                "threshold": 10019,
                "model": {
                    "type": "model",
                    "model": "ores:ia_auto_gen/mithril"
                }
            },
            {
                "threshold": 10020,
                "model": {
                    "type": "model",
                    "model": "ores:ia_auto_gen/steel"
                }
            },
            {
                "threshold": 10021,
                "model": {
                    "type": "model",
                    "model": "ores:ia_auto_gen/tungsten"
                }
            },
            {
                "threshold": 10022,
                "model": {
                    "type": "model",
                    "model": "ores:ia_auto_gen/cobalt_ingot"
                }
            },
            {
                "threshold": 10023,
                "model": {
                    "type": "model",
                    "model": "ores:ia_auto_gen/malachite_ingot"
                }
            },
            {
                "threshold": 10024,
                "model": {
                    "type": "model",
                    "model": "ores:ia_auto_gen/mithril_ingot"
                }
            },
            {
                "threshold": 10025,
                "model": {
                    "type": "model",
                    "model": "ores:ia_auto_gen/steel_ingot"
                }
            },
            {
                "threshold": 10026,
                "model": {
                    "type": "model",
                    "model": "ores:ia_auto_gen/tungsten_ingot"
                }
            },
            {
                "threshold": 10027,
                "model": {
                    "type": "model",
                    "model": "misc:ia_auto_gen/yoga_staff"
                }
            },
            {
                "threshold": 10028,
                "model": {
                    "type": "model",
                    "model": "misc:logs/poplar"
                }
            },
            {
                "threshold": 10029,
                "model": {
                    "type": "model",
                    "model": "misc:logs/walnut"
                }
            },
            {
                "threshold": 10030,
                "model": {
                    "type": "model",
                    "model": "misc:logs/willow"
                }
            },
            {
                "threshold": 10031,
                "model": {
                    "type": "model",
                    "model": "misc:logs/almond"
                }
            },
            {
                "threshold": 10032,
                "model": {
                    "type": "model",
                    "model": "misc:planks/planks_poplar"
                }
            },
            {
                "threshold": 10033,
                "model": {
                    "type": "model",
                    "model": "misc:planks/planks_walnut"
                }
            },
            {
                "threshold": 10034,
                "model": {
                    "type": "model",
                    "model": "misc:planks/planks_willow"
                }
            },
            {
                "threshold": 10035,
                "model": {
                    "type": "model",
                    "model": "misc:planks/planks_almond"
                }
            },
            {
                "threshold": 10038,
                "model": {
                    "type": "model",
                    "model": "misc:ia_auto_gen/fabric"
                }
            },
            {
                "threshold": 10039,
                "model": {
                    "type": "model",
                    "model": "misc:ia_auto_gen/leaves"
                }
            },
            {
                "threshold": 10040,
                "model": {
                    "type": "model",
                    "model": "misc:ia_auto_gen/liquid_steel"
                }
            },
            {
                "threshold": 10041,
                "model": {
                    "type": "model",
                    "model": "misc:ia_auto_gen/silk"
                }
            },
            {
                "threshold": 10042,
                "model": {
                    "type": "model",
                    "model": "misc:ia_auto_gen/worm"
                }
            },
            {
                "threshold": 10043,
                "model": {
                    "type": "model",
                    "model": "misc:item/smelter"
                }
            },
            {
                "threshold": 10044,
                "model": {
                    "type": "model",
                    "model": "misc:ia_auto_gen/infusion_tank_1"
                }
            },
            {
                "threshold": 10045,
                "model": {
                    "type": "model",
                    "model": "misc:ia_auto_gen/infusion_tank_2"
                }
            },
            {
                "threshold": 10046,
                "model": {
                    "type": "model",
                    "model": "misc:ia_auto_gen/infusion_tank_3"
                }
            },
            {
                "threshold": 10047,
                "model": {
                    "type": "model",
                    "model": "misc:ia_auto_gen/shard"
                }
            },
            {
                "threshold": 10048,
                "model": {
                    "type": "model",
                    "model": "misc:ia_auto_gen/magic_goo"
                }
            },
            {
                "threshold": 10049,
                "model": {
                    "type": "model",
                    "model": "misc:ia_auto_gen/sticky_stuff"
                }
            },
            {
                "threshold": 10050,
                "model": {
                    "type": "model",
                    "model": "misc:ia_auto_gen/glowball"
                }
            },
            {
                "threshold": 10051,
                "model": {
                    "type": "model",
                    "model": "misc:item/deep_miner_helmet"
                }
            },
            {
                "threshold": 10052,
                "model": {
                    "type": "model",
                    "model": "misc:ia_auto_gen/infusion_enforcer_1"
                }
            },
            {
                "threshold": 10053,
                "model": {
                    "type": "model",
                    "model": "misc:ia_auto_gen/infusion_enforcer_2"
                }
            },
            {
                "threshold": 10054,
                "model": {
                    "type": "model",
                    "model": "misc:ia_auto_gen/infusion_enforcer_3"
                }
            },
            {
                "threshold": 10055,
                "model": {
                    "type": "model",
                    "model": "misc:ia_auto_gen/infusion_speed_1"
                }
            },
            {
                "threshold": 10056,
                "model": {
                    "type": "model",
                    "model": "misc:ia_auto_gen/infusion_speed_2"
                }
            },
            {
                "threshold": 10057,
                "model": {
                    "type": "model",
                    "model": "misc:ia_auto_gen/infusion_speed_3"
                }
            },
            {
                "threshold": 10058,
                "model": {
                    "type": "model",
                    "model": "misc:ia_auto_gen/infusion_hardhitting_1"
                }
            },
            {
                "threshold": 10059,
                "model": {
                    "type": "model",
                    "model": "misc:ia_auto_gen/infusion_hardhitting_2"
                }
            },
            {
                "threshold": 10060,
                "model": {
                    "type": "model",
                    "model": "misc:ia_auto_gen/infusion_hardhitting_3"
                }
            },
            {
                "threshold": 110007,
                "model": {
                    "type": "model",
                    "model": "guis:guis/invisibleitem"
                }
            },
            {
                "threshold": 110008,
                "model": {
                    "type": "model",
                    "model": "item/paper"
                }
            }
        ]
    }
}