{
    "model": {
        "type": "range_dispatch",
        "property": "custom_model_data",
        "fallback": {
            "type": "minecraft:special",
            "model": {
		        "type": "minecraft:head",
	            "kind": "player"
	        },
            "base": "item/template_skull"
        },
        "entries": [
            {
                "threshold": 1,
                "model": {
                    "model": {
			            "type": "minecraft:head",
			            "kind": "player"
		            },
                    "type": "minecraft:special",
                    "base": "guis:guis/player_head"
                }
            },
            {
                "threshold": 2,
                "model": {
                    "type": "model",
                    "model": "playeremotes:player/norm/right_shoulder"
                }
            },
            {
                "threshold": 3,
                "model": {
                    "type": "model",
                    "model": "playeremotes:player/norm/left_shoulder"
                }
            },
            {
                "threshold": 4,
                "model": {
                    "type": "model",
                    "model": "playeremotes:player/norm/arm"
                }
            },
            {
                "threshold": 5,
                "model": {
                    "type": "model",
                    "model": "playeremotes:player/slim/right_shoulder"
                }
            },
            {
                "threshold": 6,
                "model": {
                    "type": "model",
                    "model": "playeremotes:player/slim/left_shoulder"
                }
            },
            {
                "threshold": 7,
                "model": {
                    "type": "model",
                    "model": "playeremotes:player/slim/arm"
                }
            },
            {
                "threshold": 8,
                "model": {
                    "type": "model",
                    "model": "playeremotes:player/body"
                }
            },
            {
                "threshold": 9,
                "model": {
                    "type": "model",
                    "model": "playeremotes:player/leg"
                }
            },
            {
                "threshold": 10,
                "model": {
                    "model": {
			            "type": "minecraft:head",
			            "kind": "player"
		            },
                    "type": "minecraft:special",
                    "base": "custom/large_player_head"
                }
            },
            {
                "threshold": 11,
                "model": {
                    "type": "model",
                    "model": "item/player_head"
                }
            }
        ]
    }
}