{
    "model": {
        "type": "range_dispatch",
        "property": "custom_model_data",
        "fallback": {
            "type": "model",
            "model": "minecraft:item/potion",
            "tints": [
                {
                    "type": "minecraft:potion",
                    "default": -13083194
                }
            ]
        },
        "entries": [
            {
                "threshold": 200000,
                "model": {
                    "type": "model",
                    "model": "cosmetics:body/cat_on_arm_black"
                }
            },
            {
                "threshold": 200001,
                "model": {
                    "type": "model",
                    "model": "cosmetics:body/cat_on_arm_black_self"
                }
            },
            {
                "threshold": 200002,
                "model": {
                    "type": "model",
                    "model": "cosmetics:body/cat_on_arm_red"
                }
            },
            {
                "threshold": 200003,
                "model": {
                    "type": "model",
                    "model": "cosmetics:body/cat_on_arm_red_self"
                }
            },
            {
                "threshold": 200004,
                "model": {
                    "type": "model",
                    "model": "cosmetics:body/cat_on_arm_white"
                }
            },
            {
                "threshold": 200005,
                "model": {
                    "type": "model",
                    "model": "cosmetics:body/cat_on_arm_white_self"
                }
            },
            {
                "threshold": 200006,
                "model": {
                    "type": "model",
                    "model": "cosmetics:hat/axolotl_hat_blue"
                }
            },
            {
                "threshold": 200007,
                "model": {
                    "type": "model",
                    "model": "cosmetics:hat/axolotl_hat_cyan"
                }
            },
            {
                "threshold": 200008,
                "model": {
                    "type": "model",
                    "model": "cosmetics:hat/axolotl_hat_gold"
                }
            },
            {
                "threshold": 200009,
                "model": {
                    "type": "model",
                    "model": "cosmetics:hat/axolotl_hat_lucy"
                }
            },
            {
                "threshold": 200010,
                "model": {
                    "type": "model",
                    "model": "cosmetics:hat/axolotl_hat_wild"
                }
            },
            {
                "threshold": 200011,
                "model": {
                    "type": "model",
                    "model": "cosmetics:hat/pig"
                }
            },
            {
                "threshold": 300001,
                "model": {
                    "type": "model",
                    "model": "cosmetics:body/leather_backpack"
                }
            },
            {
                "threshold": 300002,
                "model": {
                    "type": "model",
                    "model": "cosmetics:body/leather_backpack_self"
                }
            },
            {
                "threshold": 300003,
                "model": {
                    "type": "model",
                    "model": "cosmetics:hat/cowboy_hat"
                }
            },
            {
                "threshold": 400003,
                "model": {
                    "type": "model",
                    "model": "cosmetics:body/red_parrot"
                }
            },
            {
                "threshold": 400004,
                "model": {
                    "type": "model",
                    "model": "cosmetics:body/red_parrot_self"
                }
            },
            {
                "threshold": 400005,
                "model": {
                    "type": "model",
                    "model": "cosmetics:hat/snow_fox_sleeping"
                }
            },
            {
                "threshold": 400006,
                "model": {
                    "type": "model",
                    "model": "cosmetics:hat/chef_hat"
                }
            },
            {
                "threshold": 400007,
                "model": {
                    "type": "model",
                    "model": "cosmetics:hat/witch_hat"
                }
            },
            {
                "threshold": 400008,
                "model": {
                    "type": "model",
                    "model": "cosmetics:body/squirrel_tail"
                }
            },
            {
                "threshold": 400009,
                "model": {
                    "type": "model",
                    "model": "cosmetics:body/squirrel_tail_self"
                }
            },
            {
                "threshold": 400010,
                "model": {
                    "type": "model",
                    "model": "cosmetics:body/bee_nest"
                }
            },
            {
                "threshold": 400011,
                "model": {
                    "type": "model",
                    "model": "cosmetics:body/bee_nest_self"
                }
            },
            {
                "threshold": 400012,
                "model": {
                    "type": "model",
                    "model": "cosmetics:body/backpack"
                }
            },
            {
                "threshold": 400013,
                "model": {
                    "type": "model",
                    "model": "cosmetics:body/backpack_self"
                }
            },
            {
                "threshold": 400014,
                "model": {
                    "type": "model",
                    "model": "cosmetics:entity/amogus_icon"
                }
            },
            {
                "threshold": 400015,
                "model": {
                    "type": "model",
                    "model": "cosmetics:entity/ballon_cluster_icon"
                }
            },
            {
                "threshold": 400016,
                "model": {
                    "type": "model",
                    "model": "cosmetics:entity/star_kite_icon"
                }
            },
            {
                "threshold": 400017,
                "model": {
                    "type": "model",
                    "model": "cosmetics:entity/locomotive_icon"
                }
            },
            {
                "threshold": 400018,
                "model": {
                    "type": "model",
                    "model": "minecraft:item/potion"
                }
            }
        ]
    }
}