{
    "model": {
        "type": "range_dispatch",
        "property": "custom_model_data",
        "fallback": {
            "type": "model",
            "model": "minecraft:item/stick"
        },
        "entries": [
            {
                "threshold": 1,
                "model": {
                    "type": "model",
                    "model": "mmoitems_pack:ia_auto_gen/staff1"
                }
            },
            {
                "threshold": 2,
                "model": {
                    "type": "model",
                    "model": "mmoitems_pack:ia_auto_gen/staff2"
                }
            },
            {
                "threshold": 3,
                "model": {
                    "type": "model",
                    "model": "mmoitems_pack:ia_auto_gen/staff3"
                }
            },
            {
                "threshold": 4,
                "model": {
                    "type": "model",
                    "model": "mmoitems_pack:ia_auto_gen/staff4"
                }
            },
            {
                "threshold": 5,
                "model": {
                    "type": "model",
                    "model": "mmoitems_pack:ia_auto_gen/staff5"
                }
            },
            {
                "threshold": 6,
                "model": {
                    "type": "model",
                    "model": "mmoitems_pack:ia_auto_gen/staff6"
                }
            },
            {
                "threshold": 7,
                "model": {
                    "type": "model",
                    "model": "mmoitems_pack:ia_auto_gen/staff7"
                }
            },
            {
                "threshold": 8,
                "model": {
                    "type": "model",
                    "model": "mmoitems_pack:ia_auto_gen/staff8"
                }
            },
            {
                "threshold": 9,
                "model": {
                    "type": "model",
                    "model": "mmoitems_pack:ia_auto_gen/staff9"
                }
            },
            {
                "threshold": 10,
                "model": {
                    "type": "model",
                    "model": "mmoitems_pack:ia_auto_gen/staff10"
                }
            },
            {
                "threshold": 11,
                "model": {
                    "type": "model",
                    "model": "mmoitems_pack:ia_auto_gen/staff11"
                }
            },
            {
                "threshold": 12,
                "model": {
                    "type": "model",
                    "model": "mmoitems_pack:ia_auto_gen/staff12"
                }
            },
            {
                "threshold": 10000,
                "model": {
                    "type": "model",
                    "model": "minecraft:custom/sell_wand"
                }
            },
            {
                "threshold": 10059,
                "model": {
                    "type": "model",
                    "model": "minecraft:item/stick"
                }
            },
            {
                "threshold": 10060,
                "model": {
                    "type": "model",
                    "model": "item/stick"
                }
            }
        ]
    }
}