{"parent":"item/generated","textures":{"layer0":"item/bow"},"display":{"thirdperson_righthand":{"rotation":[-80,260,-40],"translation":[-1,-2,2.5],"scale":[0.9,0.9,0.9]},"thirdperson_lefthand":{"rotation":[-80,-280,40],"translation":[-1,-2,2.5],"scale":[0.9,0.9,0.9]},"firstperson_righthand":{"rotation":[0,-90,25],"translation":[1.13,3.2,1.13],"scale":[0.68,0.68,0.68]},"firstperson_lefthand":{"rotation":[0,90,-25],"translation":[1.13,3.2,1.13],"scale":[0.68,0.68,0.68]}},"overrides":[{"predicate":{"pulling":1},"model":"item/bow_pulling_0"},{"predicate":{"pulling":1,"pull":0.65},"model":"item/bow_pulling_1"},{"predicate":{"pulling":1,"pull":0.9},"model":"item/bow_pulling_2"},{"predicate":{"custom_model_data":2},"model":"mmoitems_pack:ia_auto_gen/bow1"},{"predicate":{"pulling":1,"custom_model_data":2},"model":"mmoitems_pack:ia_auto_gen/bow1_0"},{"predicate":{"pulling":1,"pull":0.65,"custom_model_data":2},"model":"mmoitems_pack:ia_auto_gen/bow1_1"},{"predicate":{"pulling":1,"pull":0.9,"custom_model_data":2},"model":"mmoitems_pack:ia_auto_gen/bow1_2"},{"predicate":{"custom_model_data":3},"model":"mmoitems_pack:ia_auto_gen/bow2"},{"predicate":{"pulling":1,"custom_model_data":3},"model":"mmoitems_pack:ia_auto_gen/bow2_0"},{"predicate":{"pulling":1,"pull":0.65,"custom_model_data":3},"model":"mmoitems_pack:ia_auto_gen/bow2_1"},{"predicate":{"pulling":1,"pull":0.9,"custom_model_data":3},"model":"mmoitems_pack:ia_auto_gen/bow2_2"},{"predicate":{"custom_model_data":4},"model":"mmoitems_pack:ia_auto_gen/bow3"},{"predicate":{"pulling":1,"custom_model_data":4},"model":"mmoitems_pack:ia_auto_gen/bow3_0"},{"predicate":{"pulling":1,"pull":0.65,"custom_model_data":4},"model":"mmoitems_pack:ia_auto_gen/bow3_1"},{"predicate":{"pulling":1,"pull":0.9,"custom_model_data":4},"model":"mmoitems_pack:ia_auto_gen/bow3_2"},{"predicate":{"custom_model_data":5},"model":"mmoitems_pack:ia_auto_gen/bow6"},{"predicate":{"pulling":1,"custom_model_data":5},"model":"mmoitems_pack:ia_auto_gen/bow6_0"},{"predicate":{"pulling":1,"pull":0.65,"custom_model_data":5},"model":"mmoitems_pack:ia_auto_gen/bow6_1"},{"predicate":{"pulling":1,"pull":0.9,"custom_model_data":5},"model":"mmoitems_pack:ia_auto_gen/bow6_2"},{"predicate":{"custom_model_data":6},"model":"mmoitems_pack:ia_auto_gen/bow7"},{"predicate":{"pulling":1,"custom_model_data":6},"model":"mmoitems_pack:ia_auto_gen/bow7_0"},{"predicate":{"pulling":1,"pull":0.65,"custom_model_data":6},"model":"mmoitems_pack:ia_auto_gen/bow7_1"},{"predicate":{"pulling":1,"pull":0.9,"custom_model_data":6},"model":"mmoitems_pack:ia_auto_gen/bow7_2"},{"predicate":{"custom_model_data":7},"model":"mmoitems_pack:ia_auto_gen/bow8"},{"predicate":{"pulling":1,"custom_model_data":7},"model":"mmoitems_pack:ia_auto_gen/bow8_0"},{"predicate":{"pulling":1,"pull":0.65,"custom_model_data":7},"model":"mmoitems_pack:ia_auto_gen/bow8_1"},{"predicate":{"pulling":1,"pull":0.9,"custom_model_data":7},"model":"mmoitems_pack:ia_auto_gen/bow8_2"},{"predicate":{"custom_model_data":8},"model":"mmoitems_pack:ia_auto_gen/bow9"},{"predicate":{"pulling":1,"custom_model_data":8},"model":"mmoitems_pack:ia_auto_gen/bow9_0"},{"predicate":{"pulling":1,"pull":0.65,"custom_model_data":8},"model":"mmoitems_pack:ia_auto_gen/bow9_1"},{"predicate":{"pulling":1,"pull":0.9,"custom_model_data":8},"model":"mmoitems_pack:ia_auto_gen/bow9_2"},{"predicate":{"custom_model_data":9},"model":"mmoitems_pack:ia_auto_gen/bow10"},{"predicate":{"pulling":1,"custom_model_data":9},"model":"mmoitems_pack:ia_auto_gen/bow10_0"},{"predicate":{"pulling":1,"pull":0.65,"custom_model_data":9},"model":"mmoitems_pack:ia_auto_gen/bow10_1"},{"predicate":{"pulling":1,"pull":0.9,"custom_model_data":9},"model":"mmoitems_pack:ia_auto_gen/bow10_2"},{"predicate":{"custom_model_data":10},"model":"mmoitems_pack:ia_auto_gen/bow10x"},{"predicate":{"pulling":1,"custom_model_data":10},"model":"mmoitems_pack:ia_auto_gen/bow10x_0"},{"predicate":{"pulling":1,"pull":0.65,"custom_model_data":10},"model":"mmoitems_pack:ia_auto_gen/bow10x_1"},{"predicate":{"pulling":1,"pull":0.9,"custom_model_data":10},"model":"mmoitems_pack:ia_auto_gen/bow10x_2"},{"predicate":{"custom_model_data":11},"model":"mmoitems_pack:ia_auto_gen/bow11"},{"predicate":{"pulling":1,"custom_model_data":11},"model":"mmoitems_pack:ia_auto_gen/bow11_0"},{"predicate":{"pulling":1,"pull":0.65,"custom_model_data":11},"model":"mmoitems_pack:ia_auto_gen/bow11_1"},{"predicate":{"pulling":1,"pull":0.9,"custom_model_data":11},"model":"mmoitems_pack:ia_auto_gen/bow11_2"},{"predicate":{"custom_model_data":12},"model":"mmoitems_pack:ia_auto_gen/bow12"},{"predicate":{"pulling":1,"custom_model_data":12},"model":"mmoitems_pack:ia_auto_gen/bow12_0"},{"predicate":{"pulling":1,"pull":0.65,"custom_model_data":12},"model":"mmoitems_pack:ia_auto_gen/bow12_1"},{"predicate":{"pulling":1,"pull":0.9,"custom_model_data":12},"model":"mmoitems_pack:ia_auto_gen/bow12_2"},{"predicate":{"custom_model_data":13},"model":"item/bow"}]}