{"parent":"minecraft:item/generated","textures":{"layer0":"minecraft:item/emerald"},"overrides":[{"predicate":{"custom_model_data":1},"model":"mmoitems_pack:ia_auto_gen/rune1"},{"predicate":{"custom_model_data":2},"model":"mmoitems_pack:ia_auto_gen/rune2"},{"predicate":{"custom_model_data":3},"model":"mmoitems_pack:ia_auto_gen/rune3"},{"predicate":{"custom_model_data":4},"model":"mmoitems_pack:ia_auto_gen/rune4"},{"predicate":{"custom_model_data":5},"model":"mmoitems_pack:ia_auto_gen/rune5"},{"predicate":{"custom_model_data":6},"model":"mmoitems_pack:ia_auto_gen/rune6"},{"predicate":{"custom_model_data":7},"model":"mmoitems_pack:ia_auto_gen/rune7"},{"predicate":{"custom_model_data":8},"model":"mmoitems_pack:ia_auto_gen/rune8"},{"predicate":{"custom_model_data":9},"model":"mmoitems_pack:ia_auto_gen/rune9"},{"predicate":{"custom_model_data":10},"model":"mmoitems_pack:ia_auto_gen/rune10"},{"predicate":{"custom_model_data":11},"model":"mmoitems_pack:ia_auto_gen/rune11"},{"predicate":{"custom_model_data":12},"model":"mmoitems_pack:ia_auto_gen/rune12"},{"predicate":{"custom_model_data":13},"model":"mmoitems_pack:ia_auto_gen/rune13"},{"predicate":{"custom_model_data":14},"model":"mmoitems_pack:ia_auto_gen/rune14"},{"predicate":{"custom_model_data":15},"model":"mmoitems_pack:ia_auto_gen/rune15"},{"predicate":{"custom_model_data":16},"model":"mmoitems_pack:ia_auto_gen/rune16"},{"predicate":{"custom_model_data":17},"model":"mmoitems_pack:ia_auto_gen/rune17"},{"predicate":{"custom_model_data":18},"model":"mmoitems_pack:ia_auto_gen/rune18"},{"predicate":{"custom_model_data":19},"model":"mmoitems_pack:ia_auto_gen/rune19"},{"predicate":{"custom_model_data":20},"model":"mmoitems_pack:ia_auto_gen/rune20"},{"predicate":{"custom_model_data":21},"model":"mmoitems_pack:ia_auto_gen/rune21"},{"predicate":{"custom_model_data":22},"model":"mmoitems_pack:ia_auto_gen/rune22"},{"predicate":{"custom_model_data":23},"model":"mmoitems_pack:ia_auto_gen/rune23"},{"predicate":{"custom_model_data":24},"model":"mmoitems_pack:ia_auto_gen/rune24"},{"predicate":{"custom_model_data":25},"model":"mmoitems_pack:ia_auto_gen/rune25"},{"predicate":{"custom_model_data":100},"model":"mmoitems_pack:ia_auto_gen/derunator"},{"predicate":{"custom_model_data":101},"model":"item/emerald"}]}