{"parent":"minecraft:item/generated","textures":{"layer0":"minecraft:item/glass_bottle"},"overrides":[{"predicate":{"custom_model_data":1},"model":"mmoitems_pack:ia_auto_gen/pot1"},{"predicate":{"custom_model_data":2},"model":"mmoitems_pack:ia_auto_gen/pot2"},{"predicate":{"custom_model_data":3},"model":"mmoitems_pack:ia_auto_gen/pot3"},{"predicate":{"custom_model_data":4},"model":"mmoitems_pack:ia_auto_gen/pot4"},{"predicate":{"custom_model_data":5},"model":"mmoitems_pack:ia_auto_gen/pot5"},{"predicate":{"custom_model_data":6},"model":"mmoitems_pack:ia_auto_gen/pot6"},{"predicate":{"custom_model_data":7},"model":"mmoitems_pack:ia_auto_gen/pot7"},{"predicate":{"custom_model_data":8},"model":"mmoitems_pack:ia_auto_gen/pot8"},{"predicate":{"custom_model_data":9},"model":"mmoitems_pack:ia_auto_gen/bpot1"},{"predicate":{"custom_model_data":10},"model":"mmoitems_pack:ia_auto_gen/bpot2"},{"predicate":{"custom_model_data":11},"model":"mmoitems_pack:ia_auto_gen/bpot3"},{"predicate":{"custom_model_data":12},"model":"mmoitems_pack:ia_auto_gen/bpot4"},{"predicate":{"custom_model_data":13},"model":"mmoitems_pack:ia_auto_gen/bpot5"},{"predicate":{"custom_model_data":14},"model":"mmoitems_pack:ia_auto_gen/bpot6"},{"predicate":{"custom_model_data":15},"model":"mmoitems_pack:ia_auto_gen/bpot7"},{"predicate":{"custom_model_data":16},"model":"mmoitems_pack:ia_auto_gen/bpot8"},{"predicate":{"custom_model_data":17},"model":"mmoitems_pack:ia_auto_gen/bpot9"},{"predicate":{"custom_model_data":18},"model":"mmoitems_pack:ia_auto_gen/bpot10"},{"predicate":{"custom_model_data":19},"model":"mmoitems_pack:ia_auto_gen/bpot11"},{"predicate":{"custom_model_data":20},"model":"mmoitems_pack:ia_auto_gen/bpot12"},{"predicate":{"custom_model_data":21},"model":"mmoitems_pack:ia_auto_gen/bpot13"},{"predicate":{"custom_model_data":22},"model":"mmoitems_pack:ia_auto_gen/bpot14"},{"predicate":{"custom_model_data":23},"model":"mmoitems_pack:ia_auto_gen/bpot15"},{"predicate":{"custom_model_data":24},"model":"mmoitems_pack:ia_auto_gen/bpot16"},{"predicate":{"custom_model_data":25},"model":"mmoitems_pack:ia_auto_gen/bpot17"},{"predicate":{"custom_model_data":26},"model":"mmoitems_pack:ia_auto_gen/bpot18"},{"predicate":{"custom_model_data":27},"model":"mmoitems_pack:ia_auto_gen/bpot19"},{"predicate":{"custom_model_data":28},"model":"mmoitems_pack:ia_auto_gen/bpot20"},{"predicate":{"custom_model_data":29},"model":"mmoitems_pack:ia_auto_gen/bpot21"},{"predicate":{"custom_model_data":30},"model":"mmoitems_pack:ia_auto_gen/bpot22"},{"predicate":{"custom_model_data":31},"model":"mmoitems_pack:ia_auto_gen/bpot23"},{"predicate":{"custom_model_data":32},"model":"mmoitems_pack:ia_auto_gen/bpot24"},{"predicate":{"custom_model_data":33},"model":"mmoitems_pack:ia_auto_gen/bpot25"},{"predicate":{"custom_model_data":34},"model":"item/glass_bottle"}]}