{"parent":"minecraft:item/handheld","textures":{"layer0":"minecraft:item/iron_axe"},"overrides":[{"predicate":{"custom_model_data":10000},"model":"tools:ia_auto_gen/cobalt_axe"},{"predicate":{"custom_model_data":10001},"model":"tools:ia_auto_gen/malachite_axe"},{"predicate":{"custom_model_data":10002},"model":"tools:ia_auto_gen/mithril_axe"},{"predicate":{"custom_model_data":10003},"model":"tools:ia_auto_gen/steel_axe"},{"predicate":{"custom_model_data":10004},"model":"tools:ia_auto_gen/tungsten_axe"},{"predicate":{"custom_model_data":10005},"model":"misc:item/lumberjack_axe"},{"predicate":{"custom_model_data":10006},"model":"item/iron_axe"}]}