{"parent":"minecraft:item/handheld","textures":{"layer0":"minecraft:item/iron_hoe"},"overrides":[{"predicate":{"custom_model_data":10000},"model":"tools:ia_auto_gen/cobalt_hoe"},{"predicate":{"custom_model_data":10001},"model":"tools:ia_auto_gen/malachite_hoe"},{"predicate":{"custom_model_data":10002},"model":"tools:ia_auto_gen/mithril_hoe"},{"predicate":{"custom_model_data":10003},"model":"tools:ia_auto_gen/steel_hoe"},{"predicate":{"custom_model_data":10004},"model":"tools:ia_auto_gen/tungsten_hoe"},{"predicate":{"custom_model_data":10005},"model":"item/iron_hoe"}]}