{"parent":"minecraft:item/handheld","textures":{"layer0":"minecraft:item/iron_shovel"},"overrides":[{"predicate":{"custom_model_data":10000},"model":"tools:ia_auto_gen/cobalt_shovel"},{"predicate":{"custom_model_data":10001},"model":"tools:ia_auto_gen/malachite_shovel"},{"predicate":{"custom_model_data":10002},"model":"tools:ia_auto_gen/mithril_shovel"},{"predicate":{"custom_model_data":10003},"model":"tools:ia_auto_gen/steel_shovel"},{"predicate":{"custom_model_data":10004},"model":"tools:ia_auto_gen/tungsten_shovel"},{"predicate":{"custom_model_data":10005},"model":"item/iron_shovel"}]}