{"parent":"minecraft:item/handheld","textures":{"layer0":"minecraft:item/iron_sword"},"overrides":[{"predicate":{"custom_model_data":2},"model":"mmoitems_pack:ia_auto_gen/sword2"},{"predicate":{"custom_model_data":3},"model":"mmoitems_pack:ia_auto_gen/sword3"},{"predicate":{"custom_model_data":4},"model":"mmoitems_pack:ia_auto_gen/sword4"},{"predicate":{"custom_model_data":5},"model":"mmoitems_pack:ia_auto_gen/sword5"},{"predicate":{"custom_model_data":6},"model":"mmoitems_pack:ia_auto_gen/sword6"},{"predicate":{"custom_model_data":7},"model":"mmoitems_pack:ia_auto_gen/sword7"},{"predicate":{"custom_model_data":8},"model":"mmoitems_pack:ia_auto_gen/sword8"},{"predicate":{"custom_model_data":9},"model":"mmoitems_pack:ia_auto_gen/sword9"},{"predicate":{"custom_model_data":10},"model":"mmoitems_pack:ia_auto_gen/sword10"},{"predicate":{"custom_model_data":11},"model":"mmoitems_pack:ia_auto_gen/sword11"},{"predicate":{"custom_model_data":12},"model":"mmoitems_pack:ia_auto_gen/sword12"},{"predicate":{"custom_model_data":13},"model":"mmoitems_pack:ia_auto_gen/sword13"},{"predicate":{"custom_model_data":14},"model":"mmoitems_pack:ia_auto_gen/sword14"},{"predicate":{"custom_model_data":15},"model":"mmoitems_pack:ia_auto_gen/sword15"},{"predicate":{"custom_model_data":16},"model":"mmoitems_pack:ia_auto_gen/sword16"},{"predicate":{"custom_model_data":17},"model":"mmoitems_pack:ia_auto_gen/sword17"},{"predicate":{"custom_model_data":18},"model":"mmoitems_pack:ia_auto_gen/sword18"},{"predicate":{"custom_model_data":19},"model":"mmoitems_pack:ia_auto_gen/sword19"},{"predicate":{"custom_model_data":20},"model":"mmoitems_pack:ia_auto_gen/sword20"},{"predicate":{"custom_model_data":21},"model":"mmoitems_pack:ia_auto_gen/sword21"},{"predicate":{"custom_model_data":22},"model":"mmoitems_pack:ia_auto_gen/sword22"},{"predicate":{"custom_model_data":23},"model":"mmoitems_pack:ia_auto_gen/sword23"},{"predicate":{"custom_model_data":24},"model":"mmoitems_pack:ia_auto_gen/sword24"},{"predicate":{"custom_model_data":25},"model":"mmoitems_pack:ia_auto_gen/sword25"},{"predicate":{"custom_model_data":26},"model":"mmoitems_pack:ia_auto_gen/sword26"},{"predicate":{"custom_model_data":27},"model":"mmoitems_pack:ia_auto_gen/sword27"},{"predicate":{"custom_model_data":28},"model":"mmoitems_pack:ia_auto_gen/sword28"},{"predicate":{"custom_model_data":29},"model":"mmoitems_pack:ia_auto_gen/sword29"},{"predicate":{"custom_model_data":30},"model":"mmoitems_pack:ia_auto_gen/sword30"},{"predicate":{"custom_model_data":31},"model":"mmoitems_pack:ia_auto_gen/sword31"},{"predicate":{"custom_model_data":32},"model":"misc:item/greatsword"},{"predicate":{"custom_model_data":10000},"model":"tools:ia_auto_gen/cobalt_sword"},{"predicate":{"custom_model_data":10001},"model":"tools:ia_auto_gen/malachite_sword"},{"predicate":{"custom_model_data":10002},"model":"tools:ia_auto_gen/mithril_sword"},{"predicate":{"custom_model_data":10003},"model":"tools:ia_auto_gen/steel_sword"},{"predicate":{"custom_model_data":10004},"model":"tools:ia_auto_gen/tungsten_sword"},{"predicate":{"custom_model_data":10005},"model":"item/iron_sword"}]}