{"parent":"minecraft:item/generated","overrides":[{"model":"minecraft:item/leather_leggings_quartz_trim","predicate":{"trim_type":0.1}},{"model":"minecraft:item/leather_leggings_iron_trim","predicate":{"trim_type":0.2}},{"model":"minecraft:item/leather_leggings_netherite_trim","predicate":{"trim_type":0.3}},{"model":"minecraft:item/leather_leggings_redstone_trim","predicate":{"trim_type":0.4}},{"model":"minecraft:item/leather_leggings_copper_trim","predicate":{"trim_type":0.5}},{"model":"minecraft:item/leather_leggings_gold_trim","predicate":{"trim_type":0.6}},{"model":"minecraft:item/leather_leggings_emerald_trim","predicate":{"trim_type":0.7}},{"model":"minecraft:item/leather_leggings_diamond_trim","predicate":{"trim_type":0.8}},{"model":"minecraft:item/leather_leggings_lapis_trim","predicate":{"trim_type":0.9}},{"model":"minecraft:item/leather_leggings_amethyst_trim","predicate":{"trim_type":1.0}},{"predicate":{"custom_model_data":1},"model":"mmoitems_pack:ia_auto_gen/damned_leggings"},{"predicate":{"trim_type":0.1,"custom_model_data":1},"model":"mmoitems_pack:ia_auto_gen/damned_leggings"},{"predicate":{"trim_type":0.2,"custom_model_data":1},"model":"mmoitems_pack:ia_auto_gen/damned_leggings"},{"predicate":{"trim_type":0.3,"custom_model_data":1},"model":"mmoitems_pack:ia_auto_gen/damned_leggings"},{"predicate":{"trim_type":0.4,"custom_model_data":1},"model":"mmoitems_pack:ia_auto_gen/damned_leggings"},{"predicate":{"trim_type":0.5,"custom_model_data":1},"model":"mmoitems_pack:ia_auto_gen/damned_leggings"},{"predicate":{"trim_type":0.6,"custom_model_data":1},"model":"mmoitems_pack:ia_auto_gen/damned_leggings"},{"predicate":{"trim_type":0.7,"custom_model_data":1},"model":"mmoitems_pack:ia_auto_gen/damned_leggings"},{"predicate":{"trim_type":0.8,"custom_model_data":1},"model":"mmoitems_pack:ia_auto_gen/damned_leggings"},{"predicate":{"trim_type":0.9,"custom_model_data":1},"model":"mmoitems_pack:ia_auto_gen/damned_leggings"},{"predicate":{"trim_type":1.0,"custom_model_data":1},"model":"mmoitems_pack:ia_auto_gen/damned_leggings"},{"predicate":{"custom_model_data":2},"model":"mmoitems_pack:ia_auto_gen/uranium_leggings"},{"predicate":{"trim_type":0.1,"custom_model_data":2},"model":"mmoitems_pack:ia_auto_gen/uranium_leggings"},{"predicate":{"trim_type":0.2,"custom_model_data":2},"model":"mmoitems_pack:ia_auto_gen/uranium_leggings"},{"predicate":{"trim_type":0.3,"custom_model_data":2},"model":"mmoitems_pack:ia_auto_gen/uranium_leggings"},{"predicate":{"trim_type":0.4,"custom_model_data":2},"model":"mmoitems_pack:ia_auto_gen/uranium_leggings"},{"predicate":{"trim_type":0.5,"custom_model_data":2},"model":"mmoitems_pack:ia_auto_gen/uranium_leggings"},{"predicate":{"trim_type":0.6,"custom_model_data":2},"model":"mmoitems_pack:ia_auto_gen/uranium_leggings"},{"predicate":{"trim_type":0.7,"custom_model_data":2},"model":"mmoitems_pack:ia_auto_gen/uranium_leggings"},{"predicate":{"trim_type":0.8,"custom_model_data":2},"model":"mmoitems_pack:ia_auto_gen/uranium_leggings"},{"predicate":{"trim_type":0.9,"custom_model_data":2},"model":"mmoitems_pack:ia_auto_gen/uranium_leggings"},{"predicate":{"trim_type":1.0,"custom_model_data":2},"model":"mmoitems_pack:ia_auto_gen/uranium_leggings"},{"predicate":{"custom_model_data":3},"model":"armors:ia_auto_gen/forestwalker_leggings"},{"predicate":{"trim_type":0.1,"custom_model_data":3},"model":"armors:ia_auto_gen/forestwalker_leggings"},{"predicate":{"trim_type":0.2,"custom_model_data":3},"model":"armors:ia_auto_gen/forestwalker_leggings"},{"predicate":{"trim_type":0.3,"custom_model_data":3},"model":"armors:ia_auto_gen/forestwalker_leggings"},{"predicate":{"trim_type":0.4,"custom_model_data":3},"model":"armors:ia_auto_gen/forestwalker_leggings"},{"predicate":{"trim_type":0.5,"custom_model_data":3},"model":"armors:ia_auto_gen/forestwalker_leggings"},{"predicate":{"trim_type":0.6,"custom_model_data":3},"model":"armors:ia_auto_gen/forestwalker_leggings"},{"predicate":{"trim_type":0.7,"custom_model_data":3},"model":"armors:ia_auto_gen/forestwalker_leggings"},{"predicate":{"trim_type":0.8,"custom_model_data":3},"model":"armors:ia_auto_gen/forestwalker_leggings"},{"predicate":{"trim_type":0.9,"custom_model_data":3},"model":"armors:ia_auto_gen/forestwalker_leggings"},{"predicate":{"trim_type":1.0,"custom_model_data":3},"model":"armors:ia_auto_gen/forestwalker_leggings"},{"predicate":{"custom_model_data":2502},"model":"armors:ia_auto_gen/blend_st_iron_leggings"},{"predicate":{"trim_type":0.1,"custom_model_data":2502},"model":"armors:ia_auto_gen/blend_st_iron_leggings"},{"predicate":{"trim_type":0.2,"custom_model_data":2502},"model":"armors:ia_auto_gen/blend_st_iron_leggings"},{"predicate":{"trim_type":0.3,"custom_model_data":2502},"model":"armors:ia_auto_gen/blend_st_iron_leggings"},{"predicate":{"trim_type":0.4,"custom_model_data":2502},"model":"armors:ia_auto_gen/blend_st_iron_leggings"},{"predicate":{"trim_type":0.5,"custom_model_data":2502},"model":"armors:ia_auto_gen/blend_st_iron_leggings"},{"predicate":{"trim_type":0.6,"custom_model_data":2502},"model":"armors:ia_auto_gen/blend_st_iron_leggings"},{"predicate":{"trim_type":0.7,"custom_model_data":2502},"model":"armors:ia_auto_gen/blend_st_iron_leggings"},{"predicate":{"trim_type":0.8,"custom_model_data":2502},"model":"armors:ia_auto_gen/blend_st_iron_leggings"},{"predicate":{"trim_type":0.9,"custom_model_data":2502},"model":"armors:ia_auto_gen/blend_st_iron_leggings"},{"predicate":{"trim_type":1.0,"custom_model_data":2502},"model":"armors:ia_auto_gen/blend_st_iron_leggings"},{"predicate":{"custom_model_data":2503},"model":"armors:ia_auto_gen/blend_st_tungs_leggings"},{"predicate":{"trim_type":0.1,"custom_model_data":2503},"model":"armors:ia_auto_gen/blend_st_tungs_leggings"},{"predicate":{"trim_type":0.2,"custom_model_data":2503},"model":"armors:ia_auto_gen/blend_st_tungs_leggings"},{"predicate":{"trim_type":0.3,"custom_model_data":2503},"model":"armors:ia_auto_gen/blend_st_tungs_leggings"},{"predicate":{"trim_type":0.4,"custom_model_data":2503},"model":"armors:ia_auto_gen/blend_st_tungs_leggings"},{"predicate":{"trim_type":0.5,"custom_model_data":2503},"model":"armors:ia_auto_gen/blend_st_tungs_leggings"},{"predicate":{"trim_type":0.6,"custom_model_data":2503},"model":"armors:ia_auto_gen/blend_st_tungs_leggings"},{"predicate":{"trim_type":0.7,"custom_model_data":2503},"model":"armors:ia_auto_gen/blend_st_tungs_leggings"},{"predicate":{"trim_type":0.8,"custom_model_data":2503},"model":"armors:ia_auto_gen/blend_st_tungs_leggings"},{"predicate":{"trim_type":0.9,"custom_model_data":2503},"model":"armors:ia_auto_gen/blend_st_tungs_leggings"},{"predicate":{"trim_type":1.0,"custom_model_data":2503},"model":"armors:ia_auto_gen/blend_st_tungs_leggings"},{"predicate":{"custom_model_data":2504},"model":"armors:ia_auto_gen/blend_tungs_iron_leggings"},{"predicate":{"trim_type":0.1,"custom_model_data":2504},"model":"armors:ia_auto_gen/blend_tungs_iron_leggings"},{"predicate":{"trim_type":0.2,"custom_model_data":2504},"model":"armors:ia_auto_gen/blend_tungs_iron_leggings"},{"predicate":{"trim_type":0.3,"custom_model_data":2504},"model":"armors:ia_auto_gen/blend_tungs_iron_leggings"},{"predicate":{"trim_type":0.4,"custom_model_data":2504},"model":"armors:ia_auto_gen/blend_tungs_iron_leggings"},{"predicate":{"trim_type":0.5,"custom_model_data":2504},"model":"armors:ia_auto_gen/blend_tungs_iron_leggings"},{"predicate":{"trim_type":0.6,"custom_model_data":2504},"model":"armors:ia_auto_gen/blend_tungs_iron_leggings"},{"predicate":{"trim_type":0.7,"custom_model_data":2504},"model":"armors:ia_auto_gen/blend_tungs_iron_leggings"},{"predicate":{"trim_type":0.8,"custom_model_data":2504},"model":"armors:ia_auto_gen/blend_tungs_iron_leggings"},{"predicate":{"trim_type":0.9,"custom_model_data":2504},"model":"armors:ia_auto_gen/blend_tungs_iron_leggings"},{"predicate":{"trim_type":1.0,"custom_model_data":2504},"model":"armors:ia_auto_gen/blend_tungs_iron_leggings"},{"predicate":{"custom_model_data":2505},"model":"armors:ia_auto_gen/knight_leggings"},{"predicate":{"trim_type":0.1,"custom_model_data":2505},"model":"armors:ia_auto_gen/knight_leggings"},{"predicate":{"trim_type":0.2,"custom_model_data":2505},"model":"armors:ia_auto_gen/knight_leggings"},{"predicate":{"trim_type":0.3,"custom_model_data":2505},"model":"armors:ia_auto_gen/knight_leggings"},{"predicate":{"trim_type":0.4,"custom_model_data":2505},"model":"armors:ia_auto_gen/knight_leggings"},{"predicate":{"trim_type":0.5,"custom_model_data":2505},"model":"armors:ia_auto_gen/knight_leggings"},{"predicate":{"trim_type":0.6,"custom_model_data":2505},"model":"armors:ia_auto_gen/knight_leggings"},{"predicate":{"trim_type":0.7,"custom_model_data":2505},"model":"armors:ia_auto_gen/knight_leggings"},{"predicate":{"trim_type":0.8,"custom_model_data":2505},"model":"armors:ia_auto_gen/knight_leggings"},{"predicate":{"trim_type":0.9,"custom_model_data":2505},"model":"armors:ia_auto_gen/knight_leggings"},{"predicate":{"trim_type":1.0,"custom_model_data":2505},"model":"armors:ia_auto_gen/knight_leggings"},{"predicate":{"custom_model_data":10000},"model":"armors:ia_auto_gen/cobalt_leggings"},{"predicate":{"trim_type":0.1,"custom_model_data":10000},"model":"armors:ia_auto_gen/cobalt_leggings"},{"predicate":{"trim_type":0.2,"custom_model_data":10000},"model":"armors:ia_auto_gen/cobalt_leggings"},{"predicate":{"trim_type":0.3,"custom_model_data":10000},"model":"armors:ia_auto_gen/cobalt_leggings"},{"predicate":{"trim_type":0.4,"custom_model_data":10000},"model":"armors:ia_auto_gen/cobalt_leggings"},{"predicate":{"trim_type":0.5,"custom_model_data":10000},"model":"armors:ia_auto_gen/cobalt_leggings"},{"predicate":{"trim_type":0.6,"custom_model_data":10000},"model":"armors:ia_auto_gen/cobalt_leggings"},{"predicate":{"trim_type":0.7,"custom_model_data":10000},"model":"armors:ia_auto_gen/cobalt_leggings"},{"predicate":{"trim_type":0.8,"custom_model_data":10000},"model":"armors:ia_auto_gen/cobalt_leggings"},{"predicate":{"trim_type":0.9,"custom_model_data":10000},"model":"armors:ia_auto_gen/cobalt_leggings"},{"predicate":{"trim_type":1.0,"custom_model_data":10000},"model":"armors:ia_auto_gen/cobalt_leggings"},{"predicate":{"custom_model_data":10001},"model":"armors:ia_auto_gen/malachite_leggings"},{"predicate":{"trim_type":0.1,"custom_model_data":10001},"model":"armors:ia_auto_gen/malachite_leggings"},{"predicate":{"trim_type":0.2,"custom_model_data":10001},"model":"armors:ia_auto_gen/malachite_leggings"},{"predicate":{"trim_type":0.3,"custom_model_data":10001},"model":"armors:ia_auto_gen/malachite_leggings"},{"predicate":{"trim_type":0.4,"custom_model_data":10001},"model":"armors:ia_auto_gen/malachite_leggings"},{"predicate":{"trim_type":0.5,"custom_model_data":10001},"model":"armors:ia_auto_gen/malachite_leggings"},{"predicate":{"trim_type":0.6,"custom_model_data":10001},"model":"armors:ia_auto_gen/malachite_leggings"},{"predicate":{"trim_type":0.7,"custom_model_data":10001},"model":"armors:ia_auto_gen/malachite_leggings"},{"predicate":{"trim_type":0.8,"custom_model_data":10001},"model":"armors:ia_auto_gen/malachite_leggings"},{"predicate":{"trim_type":0.9,"custom_model_data":10001},"model":"armors:ia_auto_gen/malachite_leggings"},{"predicate":{"trim_type":1.0,"custom_model_data":10001},"model":"armors:ia_auto_gen/malachite_leggings"},{"predicate":{"custom_model_data":10002},"model":"armors:ia_auto_gen/mithril_leggings"},{"predicate":{"trim_type":0.1,"custom_model_data":10002},"model":"armors:ia_auto_gen/mithril_leggings"},{"predicate":{"trim_type":0.2,"custom_model_data":10002},"model":"armors:ia_auto_gen/mithril_leggings"},{"predicate":{"trim_type":0.3,"custom_model_data":10002},"model":"armors:ia_auto_gen/mithril_leggings"},{"predicate":{"trim_type":0.4,"custom_model_data":10002},"model":"armors:ia_auto_gen/mithril_leggings"},{"predicate":{"trim_type":0.5,"custom_model_data":10002},"model":"armors:ia_auto_gen/mithril_leggings"},{"predicate":{"trim_type":0.6,"custom_model_data":10002},"model":"armors:ia_auto_gen/mithril_leggings"},{"predicate":{"trim_type":0.7,"custom_model_data":10002},"model":"armors:ia_auto_gen/mithril_leggings"},{"predicate":{"trim_type":0.8,"custom_model_data":10002},"model":"armors:ia_auto_gen/mithril_leggings"},{"predicate":{"trim_type":0.9,"custom_model_data":10002},"model":"armors:ia_auto_gen/mithril_leggings"},{"predicate":{"trim_type":1.0,"custom_model_data":10002},"model":"armors:ia_auto_gen/mithril_leggings"},{"predicate":{"custom_model_data":10003},"model":"armors:ia_auto_gen/steel_leggings"},{"predicate":{"trim_type":0.1,"custom_model_data":10003},"model":"armors:ia_auto_gen/steel_leggings"},{"predicate":{"trim_type":0.2,"custom_model_data":10003},"model":"armors:ia_auto_gen/steel_leggings"},{"predicate":{"trim_type":0.3,"custom_model_data":10003},"model":"armors:ia_auto_gen/steel_leggings"},{"predicate":{"trim_type":0.4,"custom_model_data":10003},"model":"armors:ia_auto_gen/steel_leggings"},{"predicate":{"trim_type":0.5,"custom_model_data":10003},"model":"armors:ia_auto_gen/steel_leggings"},{"predicate":{"trim_type":0.6,"custom_model_data":10003},"model":"armors:ia_auto_gen/steel_leggings"},{"predicate":{"trim_type":0.7,"custom_model_data":10003},"model":"armors:ia_auto_gen/steel_leggings"},{"predicate":{"trim_type":0.8,"custom_model_data":10003},"model":"armors:ia_auto_gen/steel_leggings"},{"predicate":{"trim_type":0.9,"custom_model_data":10003},"model":"armors:ia_auto_gen/steel_leggings"},{"predicate":{"trim_type":1.0,"custom_model_data":10003},"model":"armors:ia_auto_gen/steel_leggings"},{"predicate":{"custom_model_data":10004},"model":"armors:ia_auto_gen/tungsten_leggings"},{"predicate":{"trim_type":0.1,"custom_model_data":10004},"model":"armors:ia_auto_gen/tungsten_leggings"},{"predicate":{"trim_type":0.2,"custom_model_data":10004},"model":"armors:ia_auto_gen/tungsten_leggings"},{"predicate":{"trim_type":0.3,"custom_model_data":10004},"model":"armors:ia_auto_gen/tungsten_leggings"},{"predicate":{"trim_type":0.4,"custom_model_data":10004},"model":"armors:ia_auto_gen/tungsten_leggings"},{"predicate":{"trim_type":0.5,"custom_model_data":10004},"model":"armors:ia_auto_gen/tungsten_leggings"},{"predicate":{"trim_type":0.6,"custom_model_data":10004},"model":"armors:ia_auto_gen/tungsten_leggings"},{"predicate":{"trim_type":0.7,"custom_model_data":10004},"model":"armors:ia_auto_gen/tungsten_leggings"},{"predicate":{"trim_type":0.8,"custom_model_data":10004},"model":"armors:ia_auto_gen/tungsten_leggings"},{"predicate":{"trim_type":0.9,"custom_model_data":10004},"model":"armors:ia_auto_gen/tungsten_leggings"},{"predicate":{"trim_type":1.0,"custom_model_data":10004},"model":"armors:ia_auto_gen/tungsten_leggings"},{"predicate":{"custom_model_data":10005},"model":"armors:ia_auto_gen/knight_dark_leggings"},{"predicate":{"trim_type":0.1,"custom_model_data":10005},"model":"armors:ia_auto_gen/knight_dark_leggings"},{"predicate":{"trim_type":0.2,"custom_model_data":10005},"model":"armors:ia_auto_gen/knight_dark_leggings"},{"predicate":{"trim_type":0.3,"custom_model_data":10005},"model":"armors:ia_auto_gen/knight_dark_leggings"},{"predicate":{"trim_type":0.4,"custom_model_data":10005},"model":"armors:ia_auto_gen/knight_dark_leggings"},{"predicate":{"trim_type":0.5,"custom_model_data":10005},"model":"armors:ia_auto_gen/knight_dark_leggings"},{"predicate":{"trim_type":0.6,"custom_model_data":10005},"model":"armors:ia_auto_gen/knight_dark_leggings"},{"predicate":{"trim_type":0.7,"custom_model_data":10005},"model":"armors:ia_auto_gen/knight_dark_leggings"},{"predicate":{"trim_type":0.8,"custom_model_data":10005},"model":"armors:ia_auto_gen/knight_dark_leggings"},{"predicate":{"trim_type":0.9,"custom_model_data":10005},"model":"armors:ia_auto_gen/knight_dark_leggings"},{"predicate":{"trim_type":1.0,"custom_model_data":10005},"model":"armors:ia_auto_gen/knight_dark_leggings"},{"predicate":{"custom_model_data":10006},"model":"item/leather_leggings"}],"textures":{"layer0":"minecraft:item/leather_leggings","layer1":"minecraft:item/leather_leggings_overlay"}}