{"parent":"minecraft:item/generated","overrides":[{"model":"minecraft:item/leather_boots_quartz_trim","predicate":{"trim_type":0.1}},{"model":"minecraft:item/leather_boots_iron_trim","predicate":{"trim_type":0.2}},{"model":"minecraft:item/leather_boots_netherite_trim","predicate":{"trim_type":0.3}},{"model":"minecraft:item/leather_boots_redstone_trim","predicate":{"trim_type":0.4}},{"model":"minecraft:item/leather_boots_copper_trim","predicate":{"trim_type":0.5}},{"model":"minecraft:item/leather_boots_gold_trim","predicate":{"trim_type":0.6}},{"model":"minecraft:item/leather_boots_emerald_trim","predicate":{"trim_type":0.7}},{"model":"minecraft:item/leather_boots_diamond_trim","predicate":{"trim_type":0.8}},{"model":"minecraft:item/leather_boots_lapis_trim","predicate":{"trim_type":0.9}},{"model":"minecraft:item/leather_boots_amethyst_trim","predicate":{"trim_type":1.0}},{"predicate":{"custom_model_data":1},"model":"mmoitems_pack:ia_auto_gen/damned_boots"},{"predicate":{"trim_type":0.1,"custom_model_data":1},"model":"mmoitems_pack:ia_auto_gen/damned_boots"},{"predicate":{"trim_type":0.2,"custom_model_data":1},"model":"mmoitems_pack:ia_auto_gen/damned_boots"},{"predicate":{"trim_type":0.3,"custom_model_data":1},"model":"mmoitems_pack:ia_auto_gen/damned_boots"},{"predicate":{"trim_type":0.4,"custom_model_data":1},"model":"mmoitems_pack:ia_auto_gen/damned_boots"},{"predicate":{"trim_type":0.5,"custom_model_data":1},"model":"mmoitems_pack:ia_auto_gen/damned_boots"},{"predicate":{"trim_type":0.6,"custom_model_data":1},"model":"mmoitems_pack:ia_auto_gen/damned_boots"},{"predicate":{"trim_type":0.7,"custom_model_data":1},"model":"mmoitems_pack:ia_auto_gen/damned_boots"},{"predicate":{"trim_type":0.8,"custom_model_data":1},"model":"mmoitems_pack:ia_auto_gen/damned_boots"},{"predicate":{"trim_type":0.9,"custom_model_data":1},"model":"mmoitems_pack:ia_auto_gen/damned_boots"},{"predicate":{"trim_type":1.0,"custom_model_data":1},"model":"mmoitems_pack:ia_auto_gen/damned_boots"},{"predicate":{"custom_model_data":2},"model":"mmoitems_pack:ia_auto_gen/uranium_boots"},{"predicate":{"trim_type":0.1,"custom_model_data":2},"model":"mmoitems_pack:ia_auto_gen/uranium_boots"},{"predicate":{"trim_type":0.2,"custom_model_data":2},"model":"mmoitems_pack:ia_auto_gen/uranium_boots"},{"predicate":{"trim_type":0.3,"custom_model_data":2},"model":"mmoitems_pack:ia_auto_gen/uranium_boots"},{"predicate":{"trim_type":0.4,"custom_model_data":2},"model":"mmoitems_pack:ia_auto_gen/uranium_boots"},{"predicate":{"trim_type":0.5,"custom_model_data":2},"model":"mmoitems_pack:ia_auto_gen/uranium_boots"},{"predicate":{"trim_type":0.6,"custom_model_data":2},"model":"mmoitems_pack:ia_auto_gen/uranium_boots"},{"predicate":{"trim_type":0.7,"custom_model_data":2},"model":"mmoitems_pack:ia_auto_gen/uranium_boots"},{"predicate":{"trim_type":0.8,"custom_model_data":2},"model":"mmoitems_pack:ia_auto_gen/uranium_boots"},{"predicate":{"trim_type":0.9,"custom_model_data":2},"model":"mmoitems_pack:ia_auto_gen/uranium_boots"},{"predicate":{"trim_type":1.0,"custom_model_data":2},"model":"mmoitems_pack:ia_auto_gen/uranium_boots"},{"predicate":{"custom_model_data":3},"model":"armors:ia_auto_gen/forestwalker_boots"},{"predicate":{"trim_type":0.1,"custom_model_data":3},"model":"armors:ia_auto_gen/forestwalker_boots"},{"predicate":{"trim_type":0.2,"custom_model_data":3},"model":"armors:ia_auto_gen/forestwalker_boots"},{"predicate":{"trim_type":0.3,"custom_model_data":3},"model":"armors:ia_auto_gen/forestwalker_boots"},{"predicate":{"trim_type":0.4,"custom_model_data":3},"model":"armors:ia_auto_gen/forestwalker_boots"},{"predicate":{"trim_type":0.5,"custom_model_data":3},"model":"armors:ia_auto_gen/forestwalker_boots"},{"predicate":{"trim_type":0.6,"custom_model_data":3},"model":"armors:ia_auto_gen/forestwalker_boots"},{"predicate":{"trim_type":0.7,"custom_model_data":3},"model":"armors:ia_auto_gen/forestwalker_boots"},{"predicate":{"trim_type":0.8,"custom_model_data":3},"model":"armors:ia_auto_gen/forestwalker_boots"},{"predicate":{"trim_type":0.9,"custom_model_data":3},"model":"armors:ia_auto_gen/forestwalker_boots"},{"predicate":{"trim_type":1.0,"custom_model_data":3},"model":"armors:ia_auto_gen/forestwalker_boots"},{"predicate":{"custom_model_data":2502},"model":"armors:ia_auto_gen/blend_st_iron_boots"},{"predicate":{"trim_type":0.1,"custom_model_data":2502},"model":"armors:ia_auto_gen/blend_st_iron_boots"},{"predicate":{"trim_type":0.2,"custom_model_data":2502},"model":"armors:ia_auto_gen/blend_st_iron_boots"},{"predicate":{"trim_type":0.3,"custom_model_data":2502},"model":"armors:ia_auto_gen/blend_st_iron_boots"},{"predicate":{"trim_type":0.4,"custom_model_data":2502},"model":"armors:ia_auto_gen/blend_st_iron_boots"},{"predicate":{"trim_type":0.5,"custom_model_data":2502},"model":"armors:ia_auto_gen/blend_st_iron_boots"},{"predicate":{"trim_type":0.6,"custom_model_data":2502},"model":"armors:ia_auto_gen/blend_st_iron_boots"},{"predicate":{"trim_type":0.7,"custom_model_data":2502},"model":"armors:ia_auto_gen/blend_st_iron_boots"},{"predicate":{"trim_type":0.8,"custom_model_data":2502},"model":"armors:ia_auto_gen/blend_st_iron_boots"},{"predicate":{"trim_type":0.9,"custom_model_data":2502},"model":"armors:ia_auto_gen/blend_st_iron_boots"},{"predicate":{"trim_type":1.0,"custom_model_data":2502},"model":"armors:ia_auto_gen/blend_st_iron_boots"},{"predicate":{"custom_model_data":2503},"model":"armors:ia_auto_gen/blend_st_tungs_boots"},{"predicate":{"trim_type":0.1,"custom_model_data":2503},"model":"armors:ia_auto_gen/blend_st_tungs_boots"},{"predicate":{"trim_type":0.2,"custom_model_data":2503},"model":"armors:ia_auto_gen/blend_st_tungs_boots"},{"predicate":{"trim_type":0.3,"custom_model_data":2503},"model":"armors:ia_auto_gen/blend_st_tungs_boots"},{"predicate":{"trim_type":0.4,"custom_model_data":2503},"model":"armors:ia_auto_gen/blend_st_tungs_boots"},{"predicate":{"trim_type":0.5,"custom_model_data":2503},"model":"armors:ia_auto_gen/blend_st_tungs_boots"},{"predicate":{"trim_type":0.6,"custom_model_data":2503},"model":"armors:ia_auto_gen/blend_st_tungs_boots"},{"predicate":{"trim_type":0.7,"custom_model_data":2503},"model":"armors:ia_auto_gen/blend_st_tungs_boots"},{"predicate":{"trim_type":0.8,"custom_model_data":2503},"model":"armors:ia_auto_gen/blend_st_tungs_boots"},{"predicate":{"trim_type":0.9,"custom_model_data":2503},"model":"armors:ia_auto_gen/blend_st_tungs_boots"},{"predicate":{"trim_type":1.0,"custom_model_data":2503},"model":"armors:ia_auto_gen/blend_st_tungs_boots"},{"predicate":{"custom_model_data":2504},"model":"armors:ia_auto_gen/blend_tungs_iron_boots"},{"predicate":{"trim_type":0.1,"custom_model_data":2504},"model":"armors:ia_auto_gen/blend_tungs_iron_boots"},{"predicate":{"trim_type":0.2,"custom_model_data":2504},"model":"armors:ia_auto_gen/blend_tungs_iron_boots"},{"predicate":{"trim_type":0.3,"custom_model_data":2504},"model":"armors:ia_auto_gen/blend_tungs_iron_boots"},{"predicate":{"trim_type":0.4,"custom_model_data":2504},"model":"armors:ia_auto_gen/blend_tungs_iron_boots"},{"predicate":{"trim_type":0.5,"custom_model_data":2504},"model":"armors:ia_auto_gen/blend_tungs_iron_boots"},{"predicate":{"trim_type":0.6,"custom_model_data":2504},"model":"armors:ia_auto_gen/blend_tungs_iron_boots"},{"predicate":{"trim_type":0.7,"custom_model_data":2504},"model":"armors:ia_auto_gen/blend_tungs_iron_boots"},{"predicate":{"trim_type":0.8,"custom_model_data":2504},"model":"armors:ia_auto_gen/blend_tungs_iron_boots"},{"predicate":{"trim_type":0.9,"custom_model_data":2504},"model":"armors:ia_auto_gen/blend_tungs_iron_boots"},{"predicate":{"trim_type":1.0,"custom_model_data":2504},"model":"armors:ia_auto_gen/blend_tungs_iron_boots"},{"predicate":{"custom_model_data":2505},"model":"armors:ia_auto_gen/knight_boots"},{"predicate":{"trim_type":0.1,"custom_model_data":2505},"model":"armors:ia_auto_gen/knight_boots"},{"predicate":{"trim_type":0.2,"custom_model_data":2505},"model":"armors:ia_auto_gen/knight_boots"},{"predicate":{"trim_type":0.3,"custom_model_data":2505},"model":"armors:ia_auto_gen/knight_boots"},{"predicate":{"trim_type":0.4,"custom_model_data":2505},"model":"armors:ia_auto_gen/knight_boots"},{"predicate":{"trim_type":0.5,"custom_model_data":2505},"model":"armors:ia_auto_gen/knight_boots"},{"predicate":{"trim_type":0.6,"custom_model_data":2505},"model":"armors:ia_auto_gen/knight_boots"},{"predicate":{"trim_type":0.7,"custom_model_data":2505},"model":"armors:ia_auto_gen/knight_boots"},{"predicate":{"trim_type":0.8,"custom_model_data":2505},"model":"armors:ia_auto_gen/knight_boots"},{"predicate":{"trim_type":0.9,"custom_model_data":2505},"model":"armors:ia_auto_gen/knight_boots"},{"predicate":{"trim_type":1.0,"custom_model_data":2505},"model":"armors:ia_auto_gen/knight_boots"},{"predicate":{"custom_model_data":10000},"model":"armors:ia_auto_gen/cobalt_boots"},{"predicate":{"trim_type":0.1,"custom_model_data":10000},"model":"armors:ia_auto_gen/cobalt_boots"},{"predicate":{"trim_type":0.2,"custom_model_data":10000},"model":"armors:ia_auto_gen/cobalt_boots"},{"predicate":{"trim_type":0.3,"custom_model_data":10000},"model":"armors:ia_auto_gen/cobalt_boots"},{"predicate":{"trim_type":0.4,"custom_model_data":10000},"model":"armors:ia_auto_gen/cobalt_boots"},{"predicate":{"trim_type":0.5,"custom_model_data":10000},"model":"armors:ia_auto_gen/cobalt_boots"},{"predicate":{"trim_type":0.6,"custom_model_data":10000},"model":"armors:ia_auto_gen/cobalt_boots"},{"predicate":{"trim_type":0.7,"custom_model_data":10000},"model":"armors:ia_auto_gen/cobalt_boots"},{"predicate":{"trim_type":0.8,"custom_model_data":10000},"model":"armors:ia_auto_gen/cobalt_boots"},{"predicate":{"trim_type":0.9,"custom_model_data":10000},"model":"armors:ia_auto_gen/cobalt_boots"},{"predicate":{"trim_type":1.0,"custom_model_data":10000},"model":"armors:ia_auto_gen/cobalt_boots"},{"predicate":{"custom_model_data":10001},"model":"armors:ia_auto_gen/malachite_boots"},{"predicate":{"trim_type":0.1,"custom_model_data":10001},"model":"armors:ia_auto_gen/malachite_boots"},{"predicate":{"trim_type":0.2,"custom_model_data":10001},"model":"armors:ia_auto_gen/malachite_boots"},{"predicate":{"trim_type":0.3,"custom_model_data":10001},"model":"armors:ia_auto_gen/malachite_boots"},{"predicate":{"trim_type":0.4,"custom_model_data":10001},"model":"armors:ia_auto_gen/malachite_boots"},{"predicate":{"trim_type":0.5,"custom_model_data":10001},"model":"armors:ia_auto_gen/malachite_boots"},{"predicate":{"trim_type":0.6,"custom_model_data":10001},"model":"armors:ia_auto_gen/malachite_boots"},{"predicate":{"trim_type":0.7,"custom_model_data":10001},"model":"armors:ia_auto_gen/malachite_boots"},{"predicate":{"trim_type":0.8,"custom_model_data":10001},"model":"armors:ia_auto_gen/malachite_boots"},{"predicate":{"trim_type":0.9,"custom_model_data":10001},"model":"armors:ia_auto_gen/malachite_boots"},{"predicate":{"trim_type":1.0,"custom_model_data":10001},"model":"armors:ia_auto_gen/malachite_boots"},{"predicate":{"custom_model_data":10002},"model":"armors:ia_auto_gen/mithril_boots"},{"predicate":{"trim_type":0.1,"custom_model_data":10002},"model":"armors:ia_auto_gen/mithril_boots"},{"predicate":{"trim_type":0.2,"custom_model_data":10002},"model":"armors:ia_auto_gen/mithril_boots"},{"predicate":{"trim_type":0.3,"custom_model_data":10002},"model":"armors:ia_auto_gen/mithril_boots"},{"predicate":{"trim_type":0.4,"custom_model_data":10002},"model":"armors:ia_auto_gen/mithril_boots"},{"predicate":{"trim_type":0.5,"custom_model_data":10002},"model":"armors:ia_auto_gen/mithril_boots"},{"predicate":{"trim_type":0.6,"custom_model_data":10002},"model":"armors:ia_auto_gen/mithril_boots"},{"predicate":{"trim_type":0.7,"custom_model_data":10002},"model":"armors:ia_auto_gen/mithril_boots"},{"predicate":{"trim_type":0.8,"custom_model_data":10002},"model":"armors:ia_auto_gen/mithril_boots"},{"predicate":{"trim_type":0.9,"custom_model_data":10002},"model":"armors:ia_auto_gen/mithril_boots"},{"predicate":{"trim_type":1.0,"custom_model_data":10002},"model":"armors:ia_auto_gen/mithril_boots"},{"predicate":{"custom_model_data":10003},"model":"armors:ia_auto_gen/steel_boots"},{"predicate":{"trim_type":0.1,"custom_model_data":10003},"model":"armors:ia_auto_gen/steel_boots"},{"predicate":{"trim_type":0.2,"custom_model_data":10003},"model":"armors:ia_auto_gen/steel_boots"},{"predicate":{"trim_type":0.3,"custom_model_data":10003},"model":"armors:ia_auto_gen/steel_boots"},{"predicate":{"trim_type":0.4,"custom_model_data":10003},"model":"armors:ia_auto_gen/steel_boots"},{"predicate":{"trim_type":0.5,"custom_model_data":10003},"model":"armors:ia_auto_gen/steel_boots"},{"predicate":{"trim_type":0.6,"custom_model_data":10003},"model":"armors:ia_auto_gen/steel_boots"},{"predicate":{"trim_type":0.7,"custom_model_data":10003},"model":"armors:ia_auto_gen/steel_boots"},{"predicate":{"trim_type":0.8,"custom_model_data":10003},"model":"armors:ia_auto_gen/steel_boots"},{"predicate":{"trim_type":0.9,"custom_model_data":10003},"model":"armors:ia_auto_gen/steel_boots"},{"predicate":{"trim_type":1.0,"custom_model_data":10003},"model":"armors:ia_auto_gen/steel_boots"},{"predicate":{"custom_model_data":10004},"model":"armors:ia_auto_gen/tungsten_boots"},{"predicate":{"trim_type":0.1,"custom_model_data":10004},"model":"armors:ia_auto_gen/tungsten_boots"},{"predicate":{"trim_type":0.2,"custom_model_data":10004},"model":"armors:ia_auto_gen/tungsten_boots"},{"predicate":{"trim_type":0.3,"custom_model_data":10004},"model":"armors:ia_auto_gen/tungsten_boots"},{"predicate":{"trim_type":0.4,"custom_model_data":10004},"model":"armors:ia_auto_gen/tungsten_boots"},{"predicate":{"trim_type":0.5,"custom_model_data":10004},"model":"armors:ia_auto_gen/tungsten_boots"},{"predicate":{"trim_type":0.6,"custom_model_data":10004},"model":"armors:ia_auto_gen/tungsten_boots"},{"predicate":{"trim_type":0.7,"custom_model_data":10004},"model":"armors:ia_auto_gen/tungsten_boots"},{"predicate":{"trim_type":0.8,"custom_model_data":10004},"model":"armors:ia_auto_gen/tungsten_boots"},{"predicate":{"trim_type":0.9,"custom_model_data":10004},"model":"armors:ia_auto_gen/tungsten_boots"},{"predicate":{"trim_type":1.0,"custom_model_data":10004},"model":"armors:ia_auto_gen/tungsten_boots"},{"predicate":{"custom_model_data":10005},"model":"armors:ia_auto_gen/knight_dark_boots"},{"predicate":{"trim_type":0.1,"custom_model_data":10005},"model":"armors:ia_auto_gen/knight_dark_boots"},{"predicate":{"trim_type":0.2,"custom_model_data":10005},"model":"armors:ia_auto_gen/knight_dark_boots"},{"predicate":{"trim_type":0.3,"custom_model_data":10005},"model":"armors:ia_auto_gen/knight_dark_boots"},{"predicate":{"trim_type":0.4,"custom_model_data":10005},"model":"armors:ia_auto_gen/knight_dark_boots"},{"predicate":{"trim_type":0.5,"custom_model_data":10005},"model":"armors:ia_auto_gen/knight_dark_boots"},{"predicate":{"trim_type":0.6,"custom_model_data":10005},"model":"armors:ia_auto_gen/knight_dark_boots"},{"predicate":{"trim_type":0.7,"custom_model_data":10005},"model":"armors:ia_auto_gen/knight_dark_boots"},{"predicate":{"trim_type":0.8,"custom_model_data":10005},"model":"armors:ia_auto_gen/knight_dark_boots"},{"predicate":{"trim_type":0.9,"custom_model_data":10005},"model":"armors:ia_auto_gen/knight_dark_boots"},{"predicate":{"trim_type":1.0,"custom_model_data":10005},"model":"armors:ia_auto_gen/knight_dark_boots"},{"predicate":{"custom_model_data":10006},"model":"item/leather_boots"}],"textures":{"layer0":"minecraft:item/leather_boots","layer1":"minecraft:item/leather_boots_overlay"}}