{"parent":"minecraft:item/generated","overrides":[{"model":"minecraft:item/leather_chestplate_quartz_trim","predicate":{"trim_type":0.1}},{"model":"minecraft:item/leather_chestplate_iron_trim","predicate":{"trim_type":0.2}},{"model":"minecraft:item/leather_chestplate_netherite_trim","predicate":{"trim_type":0.3}},{"model":"minecraft:item/leather_chestplate_redstone_trim","predicate":{"trim_type":0.4}},{"model":"minecraft:item/leather_chestplate_copper_trim","predicate":{"trim_type":0.5}},{"model":"minecraft:item/leather_chestplate_gold_trim","predicate":{"trim_type":0.6}},{"model":"minecraft:item/leather_chestplate_emerald_trim","predicate":{"trim_type":0.7}},{"model":"minecraft:item/leather_chestplate_diamond_trim","predicate":{"trim_type":0.8}},{"model":"minecraft:item/leather_chestplate_lapis_trim","predicate":{"trim_type":0.9}},{"model":"minecraft:item/leather_chestplate_amethyst_trim","predicate":{"trim_type":1.0}},{"predicate":{"custom_model_data":1},"model":"mmoitems_pack:ia_auto_gen/damned_chestplate"},{"predicate":{"trim_type":0.1,"custom_model_data":1},"model":"mmoitems_pack:ia_auto_gen/damned_chestplate"},{"predicate":{"trim_type":0.2,"custom_model_data":1},"model":"mmoitems_pack:ia_auto_gen/damned_chestplate"},{"predicate":{"trim_type":0.3,"custom_model_data":1},"model":"mmoitems_pack:ia_auto_gen/damned_chestplate"},{"predicate":{"trim_type":0.4,"custom_model_data":1},"model":"mmoitems_pack:ia_auto_gen/damned_chestplate"},{"predicate":{"trim_type":0.5,"custom_model_data":1},"model":"mmoitems_pack:ia_auto_gen/damned_chestplate"},{"predicate":{"trim_type":0.6,"custom_model_data":1},"model":"mmoitems_pack:ia_auto_gen/damned_chestplate"},{"predicate":{"trim_type":0.7,"custom_model_data":1},"model":"mmoitems_pack:ia_auto_gen/damned_chestplate"},{"predicate":{"trim_type":0.8,"custom_model_data":1},"model":"mmoitems_pack:ia_auto_gen/damned_chestplate"},{"predicate":{"trim_type":0.9,"custom_model_data":1},"model":"mmoitems_pack:ia_auto_gen/damned_chestplate"},{"predicate":{"trim_type":1.0,"custom_model_data":1},"model":"mmoitems_pack:ia_auto_gen/damned_chestplate"},{"predicate":{"custom_model_data":2},"model":"mmoitems_pack:ia_auto_gen/uranium_chestplate"},{"predicate":{"trim_type":0.1,"custom_model_data":2},"model":"mmoitems_pack:ia_auto_gen/uranium_chestplate"},{"predicate":{"trim_type":0.2,"custom_model_data":2},"model":"mmoitems_pack:ia_auto_gen/uranium_chestplate"},{"predicate":{"trim_type":0.3,"custom_model_data":2},"model":"mmoitems_pack:ia_auto_gen/uranium_chestplate"},{"predicate":{"trim_type":0.4,"custom_model_data":2},"model":"mmoitems_pack:ia_auto_gen/uranium_chestplate"},{"predicate":{"trim_type":0.5,"custom_model_data":2},"model":"mmoitems_pack:ia_auto_gen/uranium_chestplate"},{"predicate":{"trim_type":0.6,"custom_model_data":2},"model":"mmoitems_pack:ia_auto_gen/uranium_chestplate"},{"predicate":{"trim_type":0.7,"custom_model_data":2},"model":"mmoitems_pack:ia_auto_gen/uranium_chestplate"},{"predicate":{"trim_type":0.8,"custom_model_data":2},"model":"mmoitems_pack:ia_auto_gen/uranium_chestplate"},{"predicate":{"trim_type":0.9,"custom_model_data":2},"model":"mmoitems_pack:ia_auto_gen/uranium_chestplate"},{"predicate":{"trim_type":1.0,"custom_model_data":2},"model":"mmoitems_pack:ia_auto_gen/uranium_chestplate"},{"predicate":{"custom_model_data":3},"model":"armors:ia_auto_gen/forestwalker_chestplate"},{"predicate":{"trim_type":0.1,"custom_model_data":3},"model":"armors:ia_auto_gen/forestwalker_chestplate"},{"predicate":{"trim_type":0.2,"custom_model_data":3},"model":"armors:ia_auto_gen/forestwalker_chestplate"},{"predicate":{"trim_type":0.3,"custom_model_data":3},"model":"armors:ia_auto_gen/forestwalker_chestplate"},{"predicate":{"trim_type":0.4,"custom_model_data":3},"model":"armors:ia_auto_gen/forestwalker_chestplate"},{"predicate":{"trim_type":0.5,"custom_model_data":3},"model":"armors:ia_auto_gen/forestwalker_chestplate"},{"predicate":{"trim_type":0.6,"custom_model_data":3},"model":"armors:ia_auto_gen/forestwalker_chestplate"},{"predicate":{"trim_type":0.7,"custom_model_data":3},"model":"armors:ia_auto_gen/forestwalker_chestplate"},{"predicate":{"trim_type":0.8,"custom_model_data":3},"model":"armors:ia_auto_gen/forestwalker_chestplate"},{"predicate":{"trim_type":0.9,"custom_model_data":3},"model":"armors:ia_auto_gen/forestwalker_chestplate"},{"predicate":{"trim_type":1.0,"custom_model_data":3},"model":"armors:ia_auto_gen/forestwalker_chestplate"},{"predicate":{"custom_model_data":2502},"model":"armors:ia_auto_gen/blend_st_iron_chestplate"},{"predicate":{"trim_type":0.1,"custom_model_data":2502},"model":"armors:ia_auto_gen/blend_st_iron_chestplate"},{"predicate":{"trim_type":0.2,"custom_model_data":2502},"model":"armors:ia_auto_gen/blend_st_iron_chestplate"},{"predicate":{"trim_type":0.3,"custom_model_data":2502},"model":"armors:ia_auto_gen/blend_st_iron_chestplate"},{"predicate":{"trim_type":0.4,"custom_model_data":2502},"model":"armors:ia_auto_gen/blend_st_iron_chestplate"},{"predicate":{"trim_type":0.5,"custom_model_data":2502},"model":"armors:ia_auto_gen/blend_st_iron_chestplate"},{"predicate":{"trim_type":0.6,"custom_model_data":2502},"model":"armors:ia_auto_gen/blend_st_iron_chestplate"},{"predicate":{"trim_type":0.7,"custom_model_data":2502},"model":"armors:ia_auto_gen/blend_st_iron_chestplate"},{"predicate":{"trim_type":0.8,"custom_model_data":2502},"model":"armors:ia_auto_gen/blend_st_iron_chestplate"},{"predicate":{"trim_type":0.9,"custom_model_data":2502},"model":"armors:ia_auto_gen/blend_st_iron_chestplate"},{"predicate":{"trim_type":1.0,"custom_model_data":2502},"model":"armors:ia_auto_gen/blend_st_iron_chestplate"},{"predicate":{"custom_model_data":2503},"model":"armors:ia_auto_gen/blend_st_tungs_chestplate"},{"predicate":{"trim_type":0.1,"custom_model_data":2503},"model":"armors:ia_auto_gen/blend_st_tungs_chestplate"},{"predicate":{"trim_type":0.2,"custom_model_data":2503},"model":"armors:ia_auto_gen/blend_st_tungs_chestplate"},{"predicate":{"trim_type":0.3,"custom_model_data":2503},"model":"armors:ia_auto_gen/blend_st_tungs_chestplate"},{"predicate":{"trim_type":0.4,"custom_model_data":2503},"model":"armors:ia_auto_gen/blend_st_tungs_chestplate"},{"predicate":{"trim_type":0.5,"custom_model_data":2503},"model":"armors:ia_auto_gen/blend_st_tungs_chestplate"},{"predicate":{"trim_type":0.6,"custom_model_data":2503},"model":"armors:ia_auto_gen/blend_st_tungs_chestplate"},{"predicate":{"trim_type":0.7,"custom_model_data":2503},"model":"armors:ia_auto_gen/blend_st_tungs_chestplate"},{"predicate":{"trim_type":0.8,"custom_model_data":2503},"model":"armors:ia_auto_gen/blend_st_tungs_chestplate"},{"predicate":{"trim_type":0.9,"custom_model_data":2503},"model":"armors:ia_auto_gen/blend_st_tungs_chestplate"},{"predicate":{"trim_type":1.0,"custom_model_data":2503},"model":"armors:ia_auto_gen/blend_st_tungs_chestplate"},{"predicate":{"custom_model_data":2504},"model":"armors:ia_auto_gen/blend_tungs_iron_chestplate"},{"predicate":{"trim_type":0.1,"custom_model_data":2504},"model":"armors:ia_auto_gen/blend_tungs_iron_chestplate"},{"predicate":{"trim_type":0.2,"custom_model_data":2504},"model":"armors:ia_auto_gen/blend_tungs_iron_chestplate"},{"predicate":{"trim_type":0.3,"custom_model_data":2504},"model":"armors:ia_auto_gen/blend_tungs_iron_chestplate"},{"predicate":{"trim_type":0.4,"custom_model_data":2504},"model":"armors:ia_auto_gen/blend_tungs_iron_chestplate"},{"predicate":{"trim_type":0.5,"custom_model_data":2504},"model":"armors:ia_auto_gen/blend_tungs_iron_chestplate"},{"predicate":{"trim_type":0.6,"custom_model_data":2504},"model":"armors:ia_auto_gen/blend_tungs_iron_chestplate"},{"predicate":{"trim_type":0.7,"custom_model_data":2504},"model":"armors:ia_auto_gen/blend_tungs_iron_chestplate"},{"predicate":{"trim_type":0.8,"custom_model_data":2504},"model":"armors:ia_auto_gen/blend_tungs_iron_chestplate"},{"predicate":{"trim_type":0.9,"custom_model_data":2504},"model":"armors:ia_auto_gen/blend_tungs_iron_chestplate"},{"predicate":{"trim_type":1.0,"custom_model_data":2504},"model":"armors:ia_auto_gen/blend_tungs_iron_chestplate"},{"predicate":{"custom_model_data":2505},"model":"armors:ia_auto_gen/knight_chestplate"},{"predicate":{"trim_type":0.1,"custom_model_data":2505},"model":"armors:ia_auto_gen/knight_chestplate"},{"predicate":{"trim_type":0.2,"custom_model_data":2505},"model":"armors:ia_auto_gen/knight_chestplate"},{"predicate":{"trim_type":0.3,"custom_model_data":2505},"model":"armors:ia_auto_gen/knight_chestplate"},{"predicate":{"trim_type":0.4,"custom_model_data":2505},"model":"armors:ia_auto_gen/knight_chestplate"},{"predicate":{"trim_type":0.5,"custom_model_data":2505},"model":"armors:ia_auto_gen/knight_chestplate"},{"predicate":{"trim_type":0.6,"custom_model_data":2505},"model":"armors:ia_auto_gen/knight_chestplate"},{"predicate":{"trim_type":0.7,"custom_model_data":2505},"model":"armors:ia_auto_gen/knight_chestplate"},{"predicate":{"trim_type":0.8,"custom_model_data":2505},"model":"armors:ia_auto_gen/knight_chestplate"},{"predicate":{"trim_type":0.9,"custom_model_data":2505},"model":"armors:ia_auto_gen/knight_chestplate"},{"predicate":{"trim_type":1.0,"custom_model_data":2505},"model":"armors:ia_auto_gen/knight_chestplate"},{"predicate":{"custom_model_data":10000},"model":"armors:ia_auto_gen/cobalt_chestplate"},{"predicate":{"trim_type":0.1,"custom_model_data":10000},"model":"armors:ia_auto_gen/cobalt_chestplate"},{"predicate":{"trim_type":0.2,"custom_model_data":10000},"model":"armors:ia_auto_gen/cobalt_chestplate"},{"predicate":{"trim_type":0.3,"custom_model_data":10000},"model":"armors:ia_auto_gen/cobalt_chestplate"},{"predicate":{"trim_type":0.4,"custom_model_data":10000},"model":"armors:ia_auto_gen/cobalt_chestplate"},{"predicate":{"trim_type":0.5,"custom_model_data":10000},"model":"armors:ia_auto_gen/cobalt_chestplate"},{"predicate":{"trim_type":0.6,"custom_model_data":10000},"model":"armors:ia_auto_gen/cobalt_chestplate"},{"predicate":{"trim_type":0.7,"custom_model_data":10000},"model":"armors:ia_auto_gen/cobalt_chestplate"},{"predicate":{"trim_type":0.8,"custom_model_data":10000},"model":"armors:ia_auto_gen/cobalt_chestplate"},{"predicate":{"trim_type":0.9,"custom_model_data":10000},"model":"armors:ia_auto_gen/cobalt_chestplate"},{"predicate":{"trim_type":1.0,"custom_model_data":10000},"model":"armors:ia_auto_gen/cobalt_chestplate"},{"predicate":{"custom_model_data":10001},"model":"armors:ia_auto_gen/malachite_chestplate"},{"predicate":{"trim_type":0.1,"custom_model_data":10001},"model":"armors:ia_auto_gen/malachite_chestplate"},{"predicate":{"trim_type":0.2,"custom_model_data":10001},"model":"armors:ia_auto_gen/malachite_chestplate"},{"predicate":{"trim_type":0.3,"custom_model_data":10001},"model":"armors:ia_auto_gen/malachite_chestplate"},{"predicate":{"trim_type":0.4,"custom_model_data":10001},"model":"armors:ia_auto_gen/malachite_chestplate"},{"predicate":{"trim_type":0.5,"custom_model_data":10001},"model":"armors:ia_auto_gen/malachite_chestplate"},{"predicate":{"trim_type":0.6,"custom_model_data":10001},"model":"armors:ia_auto_gen/malachite_chestplate"},{"predicate":{"trim_type":0.7,"custom_model_data":10001},"model":"armors:ia_auto_gen/malachite_chestplate"},{"predicate":{"trim_type":0.8,"custom_model_data":10001},"model":"armors:ia_auto_gen/malachite_chestplate"},{"predicate":{"trim_type":0.9,"custom_model_data":10001},"model":"armors:ia_auto_gen/malachite_chestplate"},{"predicate":{"trim_type":1.0,"custom_model_data":10001},"model":"armors:ia_auto_gen/malachite_chestplate"},{"predicate":{"custom_model_data":10002},"model":"armors:ia_auto_gen/mithril_chestplate"},{"predicate":{"trim_type":0.1,"custom_model_data":10002},"model":"armors:ia_auto_gen/mithril_chestplate"},{"predicate":{"trim_type":0.2,"custom_model_data":10002},"model":"armors:ia_auto_gen/mithril_chestplate"},{"predicate":{"trim_type":0.3,"custom_model_data":10002},"model":"armors:ia_auto_gen/mithril_chestplate"},{"predicate":{"trim_type":0.4,"custom_model_data":10002},"model":"armors:ia_auto_gen/mithril_chestplate"},{"predicate":{"trim_type":0.5,"custom_model_data":10002},"model":"armors:ia_auto_gen/mithril_chestplate"},{"predicate":{"trim_type":0.6,"custom_model_data":10002},"model":"armors:ia_auto_gen/mithril_chestplate"},{"predicate":{"trim_type":0.7,"custom_model_data":10002},"model":"armors:ia_auto_gen/mithril_chestplate"},{"predicate":{"trim_type":0.8,"custom_model_data":10002},"model":"armors:ia_auto_gen/mithril_chestplate"},{"predicate":{"trim_type":0.9,"custom_model_data":10002},"model":"armors:ia_auto_gen/mithril_chestplate"},{"predicate":{"trim_type":1.0,"custom_model_data":10002},"model":"armors:ia_auto_gen/mithril_chestplate"},{"predicate":{"custom_model_data":10003},"model":"armors:ia_auto_gen/steel_chestplate"},{"predicate":{"trim_type":0.1,"custom_model_data":10003},"model":"armors:ia_auto_gen/steel_chestplate"},{"predicate":{"trim_type":0.2,"custom_model_data":10003},"model":"armors:ia_auto_gen/steel_chestplate"},{"predicate":{"trim_type":0.3,"custom_model_data":10003},"model":"armors:ia_auto_gen/steel_chestplate"},{"predicate":{"trim_type":0.4,"custom_model_data":10003},"model":"armors:ia_auto_gen/steel_chestplate"},{"predicate":{"trim_type":0.5,"custom_model_data":10003},"model":"armors:ia_auto_gen/steel_chestplate"},{"predicate":{"trim_type":0.6,"custom_model_data":10003},"model":"armors:ia_auto_gen/steel_chestplate"},{"predicate":{"trim_type":0.7,"custom_model_data":10003},"model":"armors:ia_auto_gen/steel_chestplate"},{"predicate":{"trim_type":0.8,"custom_model_data":10003},"model":"armors:ia_auto_gen/steel_chestplate"},{"predicate":{"trim_type":0.9,"custom_model_data":10003},"model":"armors:ia_auto_gen/steel_chestplate"},{"predicate":{"trim_type":1.0,"custom_model_data":10003},"model":"armors:ia_auto_gen/steel_chestplate"},{"predicate":{"custom_model_data":10004},"model":"armors:ia_auto_gen/tungsten_chestplate"},{"predicate":{"trim_type":0.1,"custom_model_data":10004},"model":"armors:ia_auto_gen/tungsten_chestplate"},{"predicate":{"trim_type":0.2,"custom_model_data":10004},"model":"armors:ia_auto_gen/tungsten_chestplate"},{"predicate":{"trim_type":0.3,"custom_model_data":10004},"model":"armors:ia_auto_gen/tungsten_chestplate"},{"predicate":{"trim_type":0.4,"custom_model_data":10004},"model":"armors:ia_auto_gen/tungsten_chestplate"},{"predicate":{"trim_type":0.5,"custom_model_data":10004},"model":"armors:ia_auto_gen/tungsten_chestplate"},{"predicate":{"trim_type":0.6,"custom_model_data":10004},"model":"armors:ia_auto_gen/tungsten_chestplate"},{"predicate":{"trim_type":0.7,"custom_model_data":10004},"model":"armors:ia_auto_gen/tungsten_chestplate"},{"predicate":{"trim_type":0.8,"custom_model_data":10004},"model":"armors:ia_auto_gen/tungsten_chestplate"},{"predicate":{"trim_type":0.9,"custom_model_data":10004},"model":"armors:ia_auto_gen/tungsten_chestplate"},{"predicate":{"trim_type":1.0,"custom_model_data":10004},"model":"armors:ia_auto_gen/tungsten_chestplate"},{"predicate":{"custom_model_data":10005},"model":"armors:ia_auto_gen/knight_dark_chestplate"},{"predicate":{"trim_type":0.1,"custom_model_data":10005},"model":"armors:ia_auto_gen/knight_dark_chestplate"},{"predicate":{"trim_type":0.2,"custom_model_data":10005},"model":"armors:ia_auto_gen/knight_dark_chestplate"},{"predicate":{"trim_type":0.3,"custom_model_data":10005},"model":"armors:ia_auto_gen/knight_dark_chestplate"},{"predicate":{"trim_type":0.4,"custom_model_data":10005},"model":"armors:ia_auto_gen/knight_dark_chestplate"},{"predicate":{"trim_type":0.5,"custom_model_data":10005},"model":"armors:ia_auto_gen/knight_dark_chestplate"},{"predicate":{"trim_type":0.6,"custom_model_data":10005},"model":"armors:ia_auto_gen/knight_dark_chestplate"},{"predicate":{"trim_type":0.7,"custom_model_data":10005},"model":"armors:ia_auto_gen/knight_dark_chestplate"},{"predicate":{"trim_type":0.8,"custom_model_data":10005},"model":"armors:ia_auto_gen/knight_dark_chestplate"},{"predicate":{"trim_type":0.9,"custom_model_data":10005},"model":"armors:ia_auto_gen/knight_dark_chestplate"},{"predicate":{"trim_type":1.0,"custom_model_data":10005},"model":"armors:ia_auto_gen/knight_dark_chestplate"},{"predicate":{"custom_model_data":10006},"model":"item/leather_chestplate"}],"textures":{"layer0":"minecraft:item/leather_chestplate","layer1":"minecraft:item/leather_chestplate_overlay"}}