{"overrides":[{"predicate":{"custom_model_data":1},"model":"modelengine:bossundeathwolf/front_right_leg"},{"predicate":{"custom_model_data":2},"model":"modelengine:bossundeathwolf/body"},{"predicate":{"custom_model_data":3},"model":"modelengine:bossundeathwolf/back_left_leg"},{"predicate":{"custom_model_data":4},"model":"modelengine:bossundeathwolf/front_left_leg"},{"predicate":{"custom_model_data":5},"model":"modelengine:bossundeathwolf/back_right_leg"},{"predicate":{"custom_model_data":6},"model":"modelengine:bossundeathwolf/head"},{"predicate":{"custom_model_data":7},"model":"modelengine:bossundeathwolf/tail"},{"predicate":{"custom_model_data":8},"model":"modelengine:covenwitch/head"},{"predicate":{"custom_model_data":9},"model":"modelengine:covenwitch/arms"},{"predicate":{"custom_model_data":10},"model":"modelengine:covenwitch/right"},{"predicate":{"custom_model_data":11},"model":"modelengine:covenwitch/body"},{"predicate":{"custom_model_data":12},"model":"modelengine:covenwitch/left"},{"predicate":{"custom_model_data":13},"model":"modelengine:covenwitch/hair"},{"predicate":{"custom_model_data":14},"model":"modelengine:covenwitch/hats"},{"predicate":{"custom_model_data":15},"model":"modelengine:em_pirabulletto/core"},{"predicate":{"custom_model_data":16},"model":"modelengine:em_pirate_a1/hip4"},{"predicate":{"custom_model_data":17},"model":"modelengine:em_pirate_a1/left_leg4_b"},{"predicate":{"custom_model_data":18},"model":"modelengine:em_pirate_a1/left_leg4_a"},{"predicate":{"custom_model_data":19},"model":"modelengine:em_pirate_a1/left_leg4"},{"predicate":{"custom_model_data":20},"model":"modelengine:em_pirate_a1/right_leg4"},{"predicate":{"custom_model_data":21},"model":"modelengine:em_pirate_a1/hip3"},{"predicate":{"custom_model_data":22},"model":"modelengine:em_pirate_a1/left_leg3_a"},{"predicate":{"custom_model_data":23},"model":"modelengine:em_pirate_a1/left_leg3_b"},{"predicate":{"custom_model_data":24},"model":"modelengine:em_pirate_a1/left_leg3"},{"predicate":{"custom_model_data":25},"model":"modelengine:em_pirate_a1/right_leg3"},{"predicate":{"custom_model_data":26},"model":"modelengine:em_pirate_a1/right_leg2"},{"predicate":{"custom_model_data":27},"model":"modelengine:em_pirate_a1/hip2"},{"predicate":{"custom_model_data":28},"model":"modelengine:em_pirate_a1/left_leg2_b"},{"predicate":{"custom_model_data":29},"model":"modelengine:em_pirate_a1/left_leg2_a"},{"predicate":{"custom_model_data":30},"model":"modelengine:em_pirate_a1/left_leg2"},{"predicate":{"custom_model_data":31},"model":"modelengine:em_pirate_a1/right_arm_b"},{"predicate":{"custom_model_data":32},"model":"modelengine:em_pirate_a1/right_arm_b2"},{"predicate":{"custom_model_data":33},"model":"modelengine:em_pirate_a1/left_leg_a"},{"predicate":{"custom_model_data":34},"model":"modelengine:em_pirate_a1/left_leg_b"},{"predicate":{"custom_model_data":35},"model":"modelengine:em_pirate_a1/right_arm_a"},{"predicate":{"custom_model_data":36},"model":"modelengine:em_pirate_a1/left_leg"},{"predicate":{"custom_model_data":37},"model":"modelengine:em_pirate_a1/right_leg"},{"predicate":{"custom_model_data":38},"model":"modelengine:em_pirate_a1/right_arm4_a"},{"predicate":{"custom_model_data":39},"model":"modelengine:em_pirate_a1/right_arm4_b"},{"predicate":{"custom_model_data":40},"model":"modelengine:em_pirate_a1/right_arm4"},{"predicate":{"custom_model_data":41},"model":"modelengine:em_pirate_a1/right_arm4_b2"},{"predicate":{"custom_model_data":42},"model":"modelengine:em_pirate_a1/left_arm4"},{"predicate":{"custom_model_data":43},"model":"modelengine:em_pirate_a1/head4"},{"predicate":{"custom_model_data":44},"model":"modelengine:em_pirate_a1/hip4_a"},{"predicate":{"custom_model_data":45},"model":"modelengine:em_pirate_a1/hip4_d"},{"predicate":{"custom_model_data":46},"model":"modelengine:em_pirate_a1/hip4_c"},{"predicate":{"custom_model_data":47},"model":"modelengine:em_pirate_a1/hip4_b"},{"predicate":{"custom_model_data":48},"model":"modelengine:em_pirate_a1/right_arm3_b"},{"predicate":{"custom_model_data":49},"model":"modelengine:em_pirate_a1/left_arm3"},{"predicate":{"custom_model_data":50},"model":"modelengine:em_pirate_a1/right_arm3_a"},{"predicate":{"custom_model_data":51},"model":"modelengine:em_pirate_a1/right_arm3_b2"},{"predicate":{"custom_model_data":52},"model":"modelengine:em_pirate_a1/right_arm3"},{"predicate":{"custom_model_data":53},"model":"modelengine:em_pirate_a1/head3"},{"predicate":{"custom_model_data":54},"model":"modelengine:em_pirate_a1/hip3_b"},{"predicate":{"custom_model_data":55},"model":"modelengine:em_pirate_a1/hip3_a"},{"predicate":{"custom_model_data":56},"model":"modelengine:em_pirate_a1/hip3_d"},{"predicate":{"custom_model_data":57},"model":"modelengine:em_pirate_a1/hip3_c"},{"predicate":{"custom_model_data":58},"model":"modelengine:em_pirate_a1/right_arm2_a"},{"predicate":{"custom_model_data":59},"model":"modelengine:em_pirate_a1/right_arm2_b"},{"predicate":{"custom_model_data":60},"model":"modelengine:em_pirate_a1/left_arm2"},{"predicate":{"custom_model_data":61},"model":"modelengine:em_pirate_a1/right_arm2"},{"predicate":{"custom_model_data":62},"model":"modelengine:em_pirate_a1/right_arm2_b2"},{"predicate":{"custom_model_data":63},"model":"modelengine:em_pirate_a1/head2"},{"predicate":{"custom_model_data":64},"model":"modelengine:em_pirate_a1/hip2_c"},{"predicate":{"custom_model_data":65},"model":"modelengine:em_pirate_a1/hip2_b"},{"predicate":{"custom_model_data":66},"model":"modelengine:em_pirate_a1/hip2_a"},{"predicate":{"custom_model_data":67},"model":"modelengine:em_pirate_a1/hip2_d"},{"predicate":{"custom_model_data":68},"model":"modelengine:em_pirate_a1/hip_b"},{"predicate":{"custom_model_data":69},"model":"modelengine:em_pirate_a1/hip_c"},{"predicate":{"custom_model_data":70},"model":"modelengine:em_pirate_a1/hip_a"},{"predicate":{"custom_model_data":71},"model":"modelengine:em_pirate_a1/hip_d"},{"predicate":{"custom_model_data":72},"model":"modelengine:em_pirate_a1/head_c"},{"predicate":{"custom_model_data":73},"model":"modelengine:em_pirate_a1/head_d"},{"predicate":{"custom_model_data":74},"model":"modelengine:em_pirate_a1/head_e"},{"predicate":{"custom_model_data":75},"model":"modelengine:em_pirate_a1/head_f"},{"predicate":{"custom_model_data":76},"model":"modelengine:em_pirate_a1/head_b"},{"predicate":{"custom_model_data":77},"model":"modelengine:em_pirate_a1/head_g"},{"predicate":{"custom_model_data":78},"model":"modelengine:em_pirate_a1/head4_b"},{"predicate":{"custom_model_data":79},"model":"modelengine:em_pirate_a1/head4_g"},{"predicate":{"custom_model_data":80},"model":"modelengine:em_pirate_a1/head4_e"},{"predicate":{"custom_model_data":81},"model":"modelengine:em_pirate_a1/head4_f"},{"predicate":{"custom_model_data":82},"model":"modelengine:em_pirate_a1/head4_c"},{"predicate":{"custom_model_data":83},"model":"modelengine:em_pirate_a1/head4_d"},{"predicate":{"custom_model_data":84},"model":"modelengine:em_pirate_a1/head3_b"},{"predicate":{"custom_model_data":85},"model":"modelengine:em_pirate_a1/head3_c"},{"predicate":{"custom_model_data":86},"model":"modelengine:em_pirate_a1/head3_f"},{"predicate":{"custom_model_data":87},"model":"modelengine:em_pirate_a1/head3_g"},{"predicate":{"custom_model_data":88},"model":"modelengine:em_pirate_a1/head3_d"},{"predicate":{"custom_model_data":89},"model":"modelengine:em_pirate_a1/head3_e"},{"predicate":{"custom_model_data":90},"model":"modelengine:em_pirate_a1/head2_c"},{"predicate":{"custom_model_data":91},"model":"modelengine:em_pirate_a1/head2_d"},{"predicate":{"custom_model_data":92},"model":"modelengine:em_pirate_a1/head2_b"},{"predicate":{"custom_model_data":93},"model":"modelengine:em_pirate_a1/head2_g"},{"predicate":{"custom_model_data":94},"model":"modelengine:em_pirate_a1/head2_e"},{"predicate":{"custom_model_data":95},"model":"modelengine:em_pirate_a1/head2_f"},{"predicate":{"custom_model_data":96},"model":"modelengine:em_pirate_a1/hip"},{"predicate":{"custom_model_data":97},"model":"modelengine:em_pirate_a1/left_arm"},{"predicate":{"custom_model_data":98},"model":"modelengine:em_pirate_a1/right_arm"},{"predicate":{"custom_model_data":99},"model":"modelengine:em_pirate_a1/head"},{"predicate":{"custom_model_data":100},"model":"modelengine:em_pirate_b1/hip3"},{"predicate":{"custom_model_data":101},"model":"modelengine:em_pirate_b1/hip2"},{"predicate":{"custom_model_data":102},"model":"modelengine:em_pirate_b1/left_leg"},{"predicate":{"custom_model_data":103},"model":"modelengine:em_pirate_b1/right_leg"},{"predicate":{"custom_model_data":104},"model":"modelengine:em_pirate_b1/chest3"},{"predicate":{"custom_model_data":105},"model":"modelengine:em_pirate_b1/head3_b"},{"predicate":{"custom_model_data":106},"model":"modelengine:em_pirate_b1/head3_c"},{"predicate":{"custom_model_data":107},"model":"modelengine:em_pirate_b1/head3_f"},{"predicate":{"custom_model_data":108},"model":"modelengine:em_pirate_b1/head3_g"},{"predicate":{"custom_model_data":109},"model":"modelengine:em_pirate_b1/head3_d"},{"predicate":{"custom_model_data":110},"model":"modelengine:em_pirate_b1/head3_e"},{"predicate":{"custom_model_data":111},"model":"modelengine:em_pirate_b1/hip3_b"},{"predicate":{"custom_model_data":112},"model":"modelengine:em_pirate_b1/hip3_a"},{"predicate":{"custom_model_data":113},"model":"modelengine:em_pirate_b1/hip3_d"},{"predicate":{"custom_model_data":114},"model":"modelengine:em_pirate_b1/hip3_c"},{"predicate":{"custom_model_data":115},"model":"modelengine:em_pirate_b1/left_leg3"},{"predicate":{"custom_model_data":116},"model":"modelengine:em_pirate_b1/right_leg3"},{"predicate":{"custom_model_data":117},"model":"modelengine:em_pirate_b1/chest2"},{"predicate":{"custom_model_data":118},"model":"modelengine:em_pirate_b1/hip_b2"},{"predicate":{"custom_model_data":119},"model":"modelengine:em_pirate_b1/hip2_a"},{"predicate":{"custom_model_data":120},"model":"modelengine:em_pirate_b1/hip_c2"},{"predicate":{"custom_model_data":121},"model":"modelengine:em_pirate_b1/hip_d2"},{"predicate":{"custom_model_data":122},"model":"modelengine:em_pirate_b1/right_leg2"},{"predicate":{"custom_model_data":123},"model":"modelengine:em_pirate_b1/left_leg2"},{"predicate":{"custom_model_data":124},"model":"modelengine:em_pirate_b1/head2_c"},{"predicate":{"custom_model_data":125},"model":"modelengine:em_pirate_b1/head2_d"},{"predicate":{"custom_model_data":126},"model":"modelengine:em_pirate_b1/head2_b"},{"predicate":{"custom_model_data":127},"model":"modelengine:em_pirate_b1/head2_g"},{"predicate":{"custom_model_data":128},"model":"modelengine:em_pirate_b1/head2_e"},{"predicate":{"custom_model_data":129},"model":"modelengine:em_pirate_b1/head2_f"},{"predicate":{"custom_model_data":130},"model":"modelengine:em_pirate_b1/hip_b"},{"predicate":{"custom_model_data":131},"model":"modelengine:em_pirate_b1/hip_c"},{"predicate":{"custom_model_data":132},"model":"modelengine:em_pirate_b1/hip_a"},{"predicate":{"custom_model_data":133},"model":"modelengine:em_pirate_b1/hip_d"},{"predicate":{"custom_model_data":134},"model":"modelengine:em_pirate_b1/head_c"},{"predicate":{"custom_model_data":135},"model":"modelengine:em_pirate_b1/head_d"},{"predicate":{"custom_model_data":136},"model":"modelengine:em_pirate_b1/head_e"},{"predicate":{"custom_model_data":137},"model":"modelengine:em_pirate_b1/head_f"},{"predicate":{"custom_model_data":138},"model":"modelengine:em_pirate_b1/head_b"},{"predicate":{"custom_model_data":139},"model":"modelengine:em_pirate_b1/head_g"},{"predicate":{"custom_model_data":140},"model":"modelengine:em_pirate_b1/left_shin"},{"predicate":{"custom_model_data":141},"model":"modelengine:em_pirate_b1/right_shin"},{"predicate":{"custom_model_data":142},"model":"modelengine:em_pirate_b1/left_arm3"},{"predicate":{"custom_model_data":143},"model":"modelengine:em_pirate_b1/head3"},{"predicate":{"custom_model_data":144},"model":"modelengine:em_pirate_b1/right_arm3"},{"predicate":{"custom_model_data":145},"model":"modelengine:em_pirate_b1/chest3_b"},{"predicate":{"custom_model_data":146},"model":"modelengine:em_pirate_b1/chest3_a"},{"predicate":{"custom_model_data":147},"model":"modelengine:em_pirate_b1/chest3_d"},{"predicate":{"custom_model_data":148},"model":"modelengine:em_pirate_b1/chest3_c"},{"predicate":{"custom_model_data":149},"model":"modelengine:em_pirate_b1/left_shin3"},{"predicate":{"custom_model_data":150},"model":"modelengine:em_pirate_b1/right_shin3"},{"predicate":{"custom_model_data":151},"model":"modelengine:em_pirate_b1/left_arm2"},{"predicate":{"custom_model_data":152},"model":"modelengine:em_pirate_b1/right_arm2"},{"predicate":{"custom_model_data":153},"model":"modelengine:em_pirate_b1/head2"},{"predicate":{"custom_model_data":154},"model":"modelengine:em_pirate_b1/chest_b2"},{"predicate":{"custom_model_data":155},"model":"modelengine:em_pirate_b1/chest2_a"},{"predicate":{"custom_model_data":156},"model":"modelengine:em_pirate_b1/chest_c2"},{"predicate":{"custom_model_data":157},"model":"modelengine:em_pirate_b1/chest_d2"},{"predicate":{"custom_model_data":158},"model":"modelengine:em_pirate_b1/right_shin2"},{"predicate":{"custom_model_data":159},"model":"modelengine:em_pirate_b1/left_shin2"},{"predicate":{"custom_model_data":160},"model":"modelengine:em_pirate_b1/chest_b"},{"predicate":{"custom_model_data":161},"model":"modelengine:em_pirate_b1/chest_c"},{"predicate":{"custom_model_data":162},"model":"modelengine:em_pirate_b1/chest_a"},{"predicate":{"custom_model_data":163},"model":"modelengine:em_pirate_b1/chest_d"},{"predicate":{"custom_model_data":164},"model":"modelengine:em_pirate_b1/left_foot"},{"predicate":{"custom_model_data":165},"model":"modelengine:em_pirate_b1/right_foot"},{"predicate":{"custom_model_data":166},"model":"modelengine:em_pirate_b1/hip"},{"predicate":{"custom_model_data":167},"model":"modelengine:em_pirate_b1/left_forearm3"},{"predicate":{"custom_model_data":168},"model":"modelengine:em_pirate_b1/right_forearm3"},{"predicate":{"custom_model_data":169},"model":"modelengine:em_pirate_b1/left_arm3_b"},{"predicate":{"custom_model_data":170},"model":"modelengine:em_pirate_b1/right_arm3_b"},{"predicate":{"custom_model_data":171},"model":"modelengine:em_pirate_b1/left_arm3_a"},{"predicate":{"custom_model_data":172},"model":"modelengine:em_pirate_b1/right_arm3_a"},{"predicate":{"custom_model_data":173},"model":"modelengine:em_pirate_b1/left_arm3_d"},{"predicate":{"custom_model_data":174},"model":"modelengine:em_pirate_b1/right_arm3_d"},{"predicate":{"custom_model_data":175},"model":"modelengine:em_pirate_b1/left_arm3_c"},{"predicate":{"custom_model_data":176},"model":"modelengine:em_pirate_b1/right_arm3_a2"},{"predicate":{"custom_model_data":177},"model":"modelengine:em_pirate_b1/left_foot3"},{"predicate":{"custom_model_data":178},"model":"modelengine:em_pirate_b1/right_foot3"},{"predicate":{"custom_model_data":179},"model":"modelengine:em_pirate_b1/left_forearm2"},{"predicate":{"custom_model_data":180},"model":"modelengine:em_pirate_b1/right_forearm2"},{"predicate":{"custom_model_data":181},"model":"modelengine:em_pirate_b1/left_arm_b2"},{"predicate":{"custom_model_data":182},"model":"modelengine:em_pirate_b1/right_arm_b2"},{"predicate":{"custom_model_data":183},"model":"modelengine:em_pirate_b1/left_arm2_a"},{"predicate":{"custom_model_data":184},"model":"modelengine:em_pirate_b1/right_arm2_a"},{"predicate":{"custom_model_data":185},"model":"modelengine:em_pirate_b1/right_arm_a4"},{"predicate":{"custom_model_data":186},"model":"modelengine:em_pirate_b1/left_arm_c2"},{"predicate":{"custom_model_data":187},"model":"modelengine:em_pirate_b1/left_arm_d2"},{"predicate":{"custom_model_data":188},"model":"modelengine:em_pirate_b1/right_arm_d2"},{"predicate":{"custom_model_data":189},"model":"modelengine:em_pirate_b1/right_foot2"},{"predicate":{"custom_model_data":190},"model":"modelengine:em_pirate_b1/left_foot2"},{"predicate":{"custom_model_data":191},"model":"modelengine:em_pirate_b1/left_arm_b"},{"predicate":{"custom_model_data":192},"model":"modelengine:em_pirate_b1/right_arm_b"},{"predicate":{"custom_model_data":193},"model":"modelengine:em_pirate_b1/left_arm_c"},{"predicate":{"custom_model_data":194},"model":"modelengine:em_pirate_b1/right_arm_c"},{"predicate":{"custom_model_data":195},"model":"modelengine:em_pirate_b1/left_arm_a"},{"predicate":{"custom_model_data":196},"model":"modelengine:em_pirate_b1/right_arm_a"},{"predicate":{"custom_model_data":197},"model":"modelengine:em_pirate_b1/left_arm_d"},{"predicate":{"custom_model_data":198},"model":"modelengine:em_pirate_b1/right_arm_d"},{"predicate":{"custom_model_data":199},"model":"modelengine:em_pirate_b1/chest"},{"predicate":{"custom_model_data":200},"model":"modelengine:em_pirate_b1/left_arm"},{"predicate":{"custom_model_data":201},"model":"modelengine:em_pirate_b1/right_arm"},{"predicate":{"custom_model_data":202},"model":"modelengine:em_pirate_b1/head"},{"predicate":{"custom_model_data":203},"model":"modelengine:em_pirate_b1/left_forearm"},{"predicate":{"custom_model_data":204},"model":"modelengine:em_pirate_b1/right_forearm"},{"predicate":{"custom_model_data":205},"model":"modelengine:ghoul/left_leg"},{"predicate":{"custom_model_data":206},"model":"modelengine:ghoul/upper_body"},{"predicate":{"custom_model_data":207},"model":"modelengine:ghoul/right_leg"},{"predicate":{"custom_model_data":208},"model":"modelengine:ghoul/left_ankle"},{"predicate":{"custom_model_data":209},"model":"modelengine:ghoul/chest"},{"predicate":{"custom_model_data":210},"model":"modelengine:ghoul/right_ankle"},{"predicate":{"custom_model_data":211},"model":"modelengine:ghoul/left_foot"},{"predicate":{"custom_model_data":212},"model":"modelengine:ghoul/head"},{"predicate":{"custom_model_data":213},"model":"modelengine:ghoul/right_arm"},{"predicate":{"custom_model_data":214},"model":"modelengine:ghoul/left_arm"},{"predicate":{"custom_model_data":215},"model":"modelengine:ghoul/right_foot"},{"predicate":{"custom_model_data":216},"model":"modelengine:ghoul/jaw"},{"predicate":{"custom_model_data":217},"model":"modelengine:ghoul/right_wrist"},{"predicate":{"custom_model_data":218},"model":"modelengine:ghoul/left_wrist"},{"predicate":{"custom_model_data":219},"model":"modelengine:ghoul/right_finger"},{"predicate":{"custom_model_data":220},"model":"modelengine:ghoul/right_thumb"},{"predicate":{"custom_model_data":221},"model":"modelengine:ghoul/left_thumb"},{"predicate":{"custom_model_data":222},"model":"modelengine:ghoul/left_finger"},{"predicate":{"custom_model_data":223},"model":"modelengine:lich_king/upper_body"},{"predicate":{"custom_model_data":224},"model":"modelengine:lich_king/chest"},{"predicate":{"custom_model_data":225},"model":"modelengine:lich_king/right_cape"},{"predicate":{"custom_model_data":226},"model":"modelengine:lich_king/back_cape"},{"predicate":{"custom_model_data":227},"model":"modelengine:lich_king/left_cape"},{"predicate":{"custom_model_data":228},"model":"modelengine:lich_king/front_cape"},{"predicate":{"custom_model_data":229},"model":"modelengine:lich_king/head"},{"predicate":{"custom_model_data":230},"model":"modelengine:lich_king/right_arm"},{"predicate":{"custom_model_data":231},"model":"modelengine:lich_king/left_arm"},{"predicate":{"custom_model_data":232},"model":"modelengine:lich_king/right_cape_end"},{"predicate":{"custom_model_data":233},"model":"modelengine:lich_king/back_cape_end"},{"predicate":{"custom_model_data":234},"model":"modelengine:lich_king/left_cape_end"},{"predicate":{"custom_model_data":235},"model":"modelengine:lich_king/front_cape_end"},{"predicate":{"custom_model_data":236},"model":"modelengine:lich_king/jaw"},{"predicate":{"custom_model_data":237},"model":"modelengine:lich_king/right_string"},{"predicate":{"custom_model_data":238},"model":"modelengine:lich_king/right_wrist"},{"predicate":{"custom_model_data":239},"model":"modelengine:lich_king/left_wrist"},{"predicate":{"custom_model_data":240},"model":"modelengine:lich_king/left_string"},{"predicate":{"custom_model_data":241},"model":"modelengine:lich_king/right_string_end"},{"predicate":{"custom_model_data":242},"model":"modelengine:lich_king/right_hand"},{"predicate":{"custom_model_data":243},"model":"modelengine:lich_king/left_hand"},{"predicate":{"custom_model_data":244},"model":"modelengine:lich_king/left_string_end"},{"predicate":{"custom_model_data":245},"model":"modelengine:lich_king/scythe"},{"predicate":{"custom_model_data":246},"model":"modelengine:lich_king_scythe/scythe"},{"predicate":{"custom_model_data":247},"model":"modelengine:necrogaurd/head"},{"predicate":{"custom_model_data":248},"model":"modelengine:necrogaurd/leg_right"},{"predicate":{"custom_model_data":249},"model":"modelengine:necrogaurd/body"},{"predicate":{"custom_model_data":250},"model":"modelengine:necrogaurd/leg_left"},{"predicate":{"custom_model_data":251},"model":"modelengine:necrogaurd/arm_right"},{"predicate":{"custom_model_data":252},"model":"modelengine:necrogaurd/arm_left"},{"predicate":{"custom_model_data":253},"model":"modelengine:necrogaurd/right_shin"},{"predicate":{"custom_model_data":254},"model":"modelengine:necrogaurd/left_shin"},{"predicate":{"custom_model_data":255},"model":"modelengine:necrogaurd/right_arm"},{"predicate":{"custom_model_data":256},"model":"modelengine:necrogaurd/left_forearm"},{"predicate":{"custom_model_data":257},"model":"modelengine:necrogaurd/left_arm"},{"predicate":{"custom_model_data":258},"model":"modelengine:necrogaurd/hand2"},{"predicate":{"custom_model_data":259},"model":"modelengine:necrogaurd/right_foot"},{"predicate":{"custom_model_data":260},"model":"modelengine:necrogaurd/left_foot"},{"predicate":{"custom_model_data":261},"model":"modelengine:necrogaurd/right_forearm"},{"predicate":{"custom_model_data":262},"model":"modelengine:necrogaurd/hand"},{"predicate":{"custom_model_data":263},"model":"modelengine:necrogaurd/sword"},{"predicate":{"custom_model_data":264},"model":"modelengine:nightharrow_wendigo/upper_body"},{"predicate":{"custom_model_data":265},"model":"modelengine:nightharrow_wendigo/left_thigh"},{"predicate":{"custom_model_data":266},"model":"modelengine:nightharrow_wendigo/right_thigh"},{"predicate":{"custom_model_data":267},"model":"modelengine:nightharrow_wendigo/stomach"},{"predicate":{"custom_model_data":268},"model":"modelengine:nightharrow_wendigo/left_leg"},{"predicate":{"custom_model_data":269},"model":"modelengine:nightharrow_wendigo/right_leg"},{"predicate":{"custom_model_data":270},"model":"modelengine:nightharrow_wendigo/chest"},{"predicate":{"custom_model_data":271},"model":"modelengine:nightharrow_wendigo/left_ankle"},{"predicate":{"custom_model_data":272},"model":"modelengine:nightharrow_wendigo/right_ankle"},{"predicate":{"custom_model_data":273},"model":"modelengine:nightharrow_wendigo/head"},{"predicate":{"custom_model_data":274},"model":"modelengine:nightharrow_wendigo/right_arm"},{"predicate":{"custom_model_data":275},"model":"modelengine:nightharrow_wendigo/left_arm"},{"predicate":{"custom_model_data":276},"model":"modelengine:nightharrow_wendigo/right_skull"},{"predicate":{"custom_model_data":277},"model":"modelengine:nightharrow_wendigo/left_skull"},{"predicate":{"custom_model_data":278},"model":"modelengine:nightharrow_wendigo/left_foot"},{"predicate":{"custom_model_data":279},"model":"modelengine:nightharrow_wendigo/right_foot"},{"predicate":{"custom_model_data":280},"model":"modelengine:nightharrow_wendigo/jaw"},{"predicate":{"custom_model_data":281},"model":"modelengine:nightharrow_wendigo/right_wrist"},{"predicate":{"custom_model_data":282},"model":"modelengine:nightharrow_wendigo/right_shoulder"},{"predicate":{"custom_model_data":283},"model":"modelengine:nightharrow_wendigo/left_wrist"},{"predicate":{"custom_model_data":284},"model":"modelengine:nightharrow_wendigo/left_shoulder"},{"predicate":{"custom_model_data":285},"model":"modelengine:nightharrow_wendigo/right_hand"},{"predicate":{"custom_model_data":286},"model":"modelengine:nightharrow_wendigo/left_hand"},{"predicate":{"custom_model_data":287},"model":"modelengine:nightharrow_wendigo/weapon"},{"predicate":{"custom_model_data":288},"model":"modelengine:nightharrow_wendigo/right_fingers"},{"predicate":{"custom_model_data":289},"model":"modelengine:nightharrow_wendigo/left_fingers"},{"predicate":{"custom_model_data":290},"model":"modelengine:nightharrow_wendigo_ghost/upper_body"},{"predicate":{"custom_model_data":291},"model":"modelengine:nightharrow_wendigo_ghost/left_thigh"},{"predicate":{"custom_model_data":292},"model":"modelengine:nightharrow_wendigo_ghost/right_thigh"},{"predicate":{"custom_model_data":293},"model":"modelengine:nightharrow_wendigo_ghost/stomach"},{"predicate":{"custom_model_data":294},"model":"modelengine:nightharrow_wendigo_ghost/left_leg"},{"predicate":{"custom_model_data":295},"model":"modelengine:nightharrow_wendigo_ghost/right_leg"},{"predicate":{"custom_model_data":296},"model":"modelengine:nightharrow_wendigo_ghost/chest"},{"predicate":{"custom_model_data":297},"model":"modelengine:nightharrow_wendigo_ghost/left_ankle"},{"predicate":{"custom_model_data":298},"model":"modelengine:nightharrow_wendigo_ghost/right_ankle"},{"predicate":{"custom_model_data":299},"model":"modelengine:nightharrow_wendigo_ghost/head"},{"predicate":{"custom_model_data":300},"model":"modelengine:nightharrow_wendigo_ghost/right_arm"},{"predicate":{"custom_model_data":301},"model":"modelengine:nightharrow_wendigo_ghost/left_arm"},{"predicate":{"custom_model_data":302},"model":"modelengine:nightharrow_wendigo_ghost/right_skull"},{"predicate":{"custom_model_data":303},"model":"modelengine:nightharrow_wendigo_ghost/left_skull"},{"predicate":{"custom_model_data":304},"model":"modelengine:nightharrow_wendigo_ghost/left_foot"},{"predicate":{"custom_model_data":305},"model":"modelengine:nightharrow_wendigo_ghost/right_foot"},{"predicate":{"custom_model_data":306},"model":"modelengine:nightharrow_wendigo_ghost/jaw"},{"predicate":{"custom_model_data":307},"model":"modelengine:nightharrow_wendigo_ghost/right_wrist"},{"predicate":{"custom_model_data":308},"model":"modelengine:nightharrow_wendigo_ghost/right_shoulder"},{"predicate":{"custom_model_data":309},"model":"modelengine:nightharrow_wendigo_ghost/left_wrist"},{"predicate":{"custom_model_data":310},"model":"modelengine:nightharrow_wendigo_ghost/left_shoulder"},{"predicate":{"custom_model_data":311},"model":"modelengine:nightharrow_wendigo_ghost/right_hand"},{"predicate":{"custom_model_data":312},"model":"modelengine:nightharrow_wendigo_ghost/left_hand"},{"predicate":{"custom_model_data":313},"model":"modelengine:nightharrow_wendigo_ghost/weapon"},{"predicate":{"custom_model_data":314},"model":"modelengine:nightharrow_wendigo_ghost/right_fingers"},{"predicate":{"custom_model_data":315},"model":"modelengine:nightharrow_wendigo_ghost/left_fingers"},{"predicate":{"custom_model_data":316},"model":"modelengine:shadow_fx/upper"},{"predicate":{"custom_model_data":317},"model":"modelengine:shadow_fx/lower"},{"predicate":{"custom_model_data":318},"model":"modelengine:shadowcrawler/eye"},{"predicate":{"custom_model_data":319},"model":"modelengine:shadowcrawler/torso"},{"predicate":{"custom_model_data":320},"model":"modelengine:shadowcrawler/left_leg"},{"predicate":{"custom_model_data":321},"model":"modelengine:shadowcrawler/right_arm"},{"predicate":{"custom_model_data":322},"model":"modelengine:shadowcrawler/right_leg"},{"predicate":{"custom_model_data":323},"model":"modelengine:shadowcrawler/left_arm"},{"predicate":{"custom_model_data":324},"model":"modelengine:shadowcrawler/neck"},{"predicate":{"custom_model_data":325},"model":"modelengine:shadowcrawler/left_shin"},{"predicate":{"custom_model_data":326},"model":"modelengine:shadowcrawler/right_forearm"},{"predicate":{"custom_model_data":327},"model":"modelengine:shadowcrawler/right_shin"},{"predicate":{"custom_model_data":328},"model":"modelengine:shadowcrawler/left_forearm"},{"predicate":{"custom_model_data":329},"model":"modelengine:shadowcrawler/head"},{"predicate":{"custom_model_data":330},"model":"modelengine:shadowfang/head"},{"predicate":{"custom_model_data":331},"model":"modelengine:shadowfang/leg1"},{"predicate":{"custom_model_data":332},"model":"modelengine:shadowfang/leg4"},{"predicate":{"custom_model_data":333},"model":"modelengine:shadowfang/leg5"},{"predicate":{"custom_model_data":334},"model":"modelengine:shadowfang/leg2"},{"predicate":{"custom_model_data":335},"model":"modelengine:shadowfang/leg3"},{"predicate":{"custom_model_data":336},"model":"modelengine:shadowfang/leg8"},{"predicate":{"custom_model_data":337},"model":"modelengine:shadowfang/leg6"},{"predicate":{"custom_model_data":338},"model":"modelengine:shadowfang/leg7"},{"predicate":{"custom_model_data":339},"model":"modelengine:shadowfang/neck"},{"predicate":{"custom_model_data":340},"model":"modelengine:skeleton_archer/left_leg"},{"predicate":{"custom_model_data":341},"model":"modelengine:skeleton_archer/upper_body"},{"predicate":{"custom_model_data":342},"model":"modelengine:skeleton_archer/right_leg"},{"predicate":{"custom_model_data":343},"model":"modelengine:skeleton_archer/left_ankle"},{"predicate":{"custom_model_data":344},"model":"modelengine:skeleton_archer/chest"},{"predicate":{"custom_model_data":345},"model":"modelengine:skeleton_archer/back_cape"},{"predicate":{"custom_model_data":346},"model":"modelengine:skeleton_archer/front_cape"},{"predicate":{"custom_model_data":347},"model":"modelengine:skeleton_archer/right_ankle"},{"predicate":{"custom_model_data":348},"model":"modelengine:skeleton_archer/left_foot"},{"predicate":{"custom_model_data":349},"model":"modelengine:skeleton_archer/head"},{"predicate":{"custom_model_data":350},"model":"modelengine:skeleton_archer/right_arm"},{"predicate":{"custom_model_data":351},"model":"modelengine:skeleton_archer/left_arm"},{"predicate":{"custom_model_data":352},"model":"modelengine:skeleton_archer/back_cape_end"},{"predicate":{"custom_model_data":353},"model":"modelengine:skeleton_archer/front_cape_end"},{"predicate":{"custom_model_data":354},"model":"modelengine:skeleton_archer/right_foot"},{"predicate":{"custom_model_data":355},"model":"modelengine:skeleton_archer/jaw"},{"predicate":{"custom_model_data":356},"model":"modelengine:skeleton_archer/right_wrist"},{"predicate":{"custom_model_data":357},"model":"modelengine:skeleton_archer/left_wrist"},{"predicate":{"custom_model_data":358},"model":"modelengine:skeleton_archer/right_hand"},{"predicate":{"custom_model_data":359},"model":"modelengine:skeleton_archer/left_hand"},{"predicate":{"custom_model_data":360},"model":"modelengine:skeleton_archer/bow"},{"predicate":{"custom_model_data":361},"model":"modelengine:skeleton_shaman/left_leg"},{"predicate":{"custom_model_data":362},"model":"modelengine:skeleton_shaman/upper_body"},{"predicate":{"custom_model_data":363},"model":"modelengine:skeleton_shaman/right_leg"},{"predicate":{"custom_model_data":364},"model":"modelengine:skeleton_shaman/left_ankle"},{"predicate":{"custom_model_data":365},"model":"modelengine:skeleton_shaman/chest"},{"predicate":{"custom_model_data":366},"model":"modelengine:skeleton_shaman/back_cape"},{"predicate":{"custom_model_data":367},"model":"modelengine:skeleton_shaman/front_cape"},{"predicate":{"custom_model_data":368},"model":"modelengine:skeleton_shaman/right_ankle"},{"predicate":{"custom_model_data":369},"model":"modelengine:skeleton_shaman/left_foot"},{"predicate":{"custom_model_data":370},"model":"modelengine:skeleton_shaman/head"},{"predicate":{"custom_model_data":371},"model":"modelengine:skeleton_shaman/right_arm"},{"predicate":{"custom_model_data":372},"model":"modelengine:skeleton_shaman/left_arm"},{"predicate":{"custom_model_data":373},"model":"modelengine:skeleton_shaman/back_cape_end"},{"predicate":{"custom_model_data":374},"model":"modelengine:skeleton_shaman/front_cape_end"},{"predicate":{"custom_model_data":375},"model":"modelengine:skeleton_shaman/right_foot"},{"predicate":{"custom_model_data":376},"model":"modelengine:skeleton_shaman/jaw"},{"predicate":{"custom_model_data":377},"model":"modelengine:skeleton_shaman/right_wrist"},{"predicate":{"custom_model_data":378},"model":"modelengine:skeleton_shaman/left_wrist"},{"predicate":{"custom_model_data":379},"model":"modelengine:skeleton_shaman/right_hand"},{"predicate":{"custom_model_data":380},"model":"modelengine:skeleton_shaman/left_hand"},{"predicate":{"custom_model_data":381},"model":"modelengine:skeleton_warrior/left_leg"},{"predicate":{"custom_model_data":382},"model":"modelengine:skeleton_warrior/upper_body"},{"predicate":{"custom_model_data":383},"model":"modelengine:skeleton_warrior/right_leg"},{"predicate":{"custom_model_data":384},"model":"modelengine:skeleton_warrior/left_ankle"},{"predicate":{"custom_model_data":385},"model":"modelengine:skeleton_warrior/chest"},{"predicate":{"custom_model_data":386},"model":"modelengine:skeleton_warrior/back_cape"},{"predicate":{"custom_model_data":387},"model":"modelengine:skeleton_warrior/front_cape"},{"predicate":{"custom_model_data":388},"model":"modelengine:skeleton_warrior/right_ankle"},{"predicate":{"custom_model_data":389},"model":"modelengine:skeleton_warrior/left_foot"},{"predicate":{"custom_model_data":390},"model":"modelengine:skeleton_warrior/head"},{"predicate":{"custom_model_data":391},"model":"modelengine:skeleton_warrior/right_arm"},{"predicate":{"custom_model_data":392},"model":"modelengine:skeleton_warrior/left_arm"},{"predicate":{"custom_model_data":393},"model":"modelengine:skeleton_warrior/back_cape_end"},{"predicate":{"custom_model_data":394},"model":"modelengine:skeleton_warrior/front_cape_end"},{"predicate":{"custom_model_data":395},"model":"modelengine:skeleton_warrior/right_foot"},{"predicate":{"custom_model_data":396},"model":"modelengine:skeleton_warrior/jaw"},{"predicate":{"custom_model_data":397},"model":"modelengine:skeleton_warrior/right_wrist"},{"predicate":{"custom_model_data":398},"model":"modelengine:skeleton_warrior/left_wrist"},{"predicate":{"custom_model_data":399},"model":"modelengine:skeleton_warrior/right_hand"},{"predicate":{"custom_model_data":400},"model":"modelengine:skeleton_warrior/left_hand"},{"predicate":{"custom_model_data":401},"model":"modelengine:soldier/body"},{"predicate":{"custom_model_data":402},"model":"modelengine:soldier/head"},{"predicate":{"custom_model_data":403},"model":"modelengine:soldier/rightleg"},{"predicate":{"custom_model_data":404},"model":"modelengine:soldier/rightarm"},{"predicate":{"custom_model_data":405},"model":"modelengine:soldier/leftleg"},{"predicate":{"custom_model_data":406},"model":"modelengine:soldier/leftarm"},{"predicate":{"custom_model_data":407},"model":"modelengine:soldier/rightfoot"},{"predicate":{"custom_model_data":408},"model":"modelengine:soldier/righthand"},{"predicate":{"custom_model_data":409},"model":"modelengine:soldier/leftfoot"},{"predicate":{"custom_model_data":410},"model":"modelengine:soldier/lefthand"},{"predicate":{"custom_model_data":411},"model":"modelengine:specter/head"},{"predicate":{"custom_model_data":412},"model":"modelengine:specter/upper_body"},{"predicate":{"custom_model_data":413},"model":"modelengine:specter/right_arm"},{"predicate":{"custom_model_data":414},"model":"modelengine:specter/left_arm"},{"predicate":{"custom_model_data":415},"model":"modelengine:specter/jaw"},{"predicate":{"custom_model_data":416},"model":"modelengine:specter/lower_body"},{"predicate":{"custom_model_data":417},"model":"modelengine:specter/right_wrist"},{"predicate":{"custom_model_data":418},"model":"modelengine:specter/left_wrist"},{"predicate":{"custom_model_data":419},"model":"modelengine:specter/cloth"},{"predicate":{"custom_model_data":420},"model":"modelengine:specter/right_fingers"},{"predicate":{"custom_model_data":421},"model":"modelengine:specter/right_thumb"},{"predicate":{"custom_model_data":422},"model":"modelengine:specter/left_thumb"},{"predicate":{"custom_model_data":423},"model":"modelengine:specter/left_fingers"},{"predicate":{"custom_model_data":424},"model":"modelengine:troll_blue/body"},{"predicate":{"custom_model_data":425},"model":"modelengine:troll_blue/head"},{"predicate":{"custom_model_data":426},"model":"modelengine:troll_blue/bassin"},{"predicate":{"custom_model_data":427},"model":"modelengine:troll_blue/right_arm"},{"predicate":{"custom_model_data":428},"model":"modelengine:troll_blue/left_arm"},{"predicate":{"custom_model_data":429},"model":"modelengine:troll_blue/machoire"},{"predicate":{"custom_model_data":430},"model":"modelengine:troll_blue/left_leg"},{"predicate":{"custom_model_data":431},"model":"modelengine:troll_blue/right_leg"},{"predicate":{"custom_model_data":432},"model":"modelengine:troll_blue/right_forearm"},{"predicate":{"custom_model_data":433},"model":"modelengine:troll_blue/left_forearm"},{"predicate":{"custom_model_data":434},"model":"modelengine:troll_blue/left_tibia"},{"predicate":{"custom_model_data":435},"model":"modelengine:troll_blue/right_tibia"},{"predicate":{"custom_model_data":436},"model":"modelengine:troll_blue/left_foot"},{"predicate":{"custom_model_data":437},"model":"modelengine:troll_blue/right_foot"},{"predicate":{"custom_model_data":438},"model":"modelengine:undeathwolf/front_right_leg"},{"predicate":{"custom_model_data":439},"model":"modelengine:undeathwolf/body"},{"predicate":{"custom_model_data":440},"model":"modelengine:undeathwolf/back_left_leg"},{"predicate":{"custom_model_data":441},"model":"modelengine:undeathwolf/front_left_leg"},{"predicate":{"custom_model_data":442},"model":"modelengine:undeathwolf/back_right_leg"},{"predicate":{"custom_model_data":443},"model":"modelengine:undeathwolf/head"},{"predicate":{"custom_model_data":444},"model":"modelengine:undeathwolf/tail"},{"predicate":{"custom_model_data":445},"model":"modelengine:zombie_brute/upper_body"},{"predicate":{"custom_model_data":446},"model":"modelengine:zombie_brute/left_leg"},{"predicate":{"custom_model_data":447},"model":"modelengine:zombie_brute/right_leg"},{"predicate":{"custom_model_data":448},"model":"modelengine:zombie_brute/stomach"},{"predicate":{"custom_model_data":449},"model":"modelengine:zombie_brute/left_ankle"},{"predicate":{"custom_model_data":450},"model":"modelengine:zombie_brute/right_ankle"},{"predicate":{"custom_model_data":451},"model":"modelengine:zombie_brute/chest"},{"predicate":{"custom_model_data":452},"model":"modelengine:zombie_brute/left_foot"},{"predicate":{"custom_model_data":453},"model":"modelengine:zombie_brute/right_foot"},{"predicate":{"custom_model_data":454},"model":"modelengine:zombie_brute/head"},{"predicate":{"custom_model_data":455},"model":"modelengine:zombie_brute/right_arm"},{"predicate":{"custom_model_data":456},"model":"modelengine:zombie_brute/left_arm"},{"predicate":{"custom_model_data":457},"model":"modelengine:zombie_brute/jaw"},{"predicate":{"custom_model_data":458},"model":"modelengine:zombie_brute/right_wrist"},{"predicate":{"custom_model_data":459},"model":"modelengine:zombie_brute/left_wrist"},{"predicate":{"custom_model_data":460},"model":"modelengine:zombie_brute/right_fist"},{"predicate":{"custom_model_data":461},"model":"modelengine:zombie_brute/right_thumb"},{"predicate":{"custom_model_data":462},"model":"modelengine:zombie_brute/right_fingers"},{"predicate":{"custom_model_data":463},"model":"modelengine:nocsy_sewer_boss/chest"},{"predicate":{"custom_model_data":464},"model":"modelengine:nocsy_sewer_boss/tail"},{"predicate":{"custom_model_data":465},"model":"modelengine:nocsy_sewer_boss/head"},{"predicate":{"custom_model_data":466},"model":"modelengine:nocsy_sewer_boss/right_arm"},{"predicate":{"custom_model_data":467},"model":"modelengine:nocsy_sewer_boss/left_arm"},{"predicate":{"custom_model_data":468},"model":"modelengine:nocsy_sewer_boss/jar"},{"predicate":{"custom_model_data":469},"model":"modelengine:nocsy_sewer_boss/left_leg"},{"predicate":{"custom_model_data":470},"model":"modelengine:nocsy_sewer_boss/right_leg"},{"predicate":{"custom_model_data":471},"model":"modelengine:nocsy_sewer_boss/tail_mid"},{"predicate":{"custom_model_data":472},"model":"modelengine:nocsy_sewer_boss/mouth"},{"predicate":{"custom_model_data":473},"model":"modelengine:nocsy_sewer_boss/right_ear"},{"predicate":{"custom_model_data":474},"model":"modelengine:nocsy_sewer_boss/left_ear"},{"predicate":{"custom_model_data":475},"model":"modelengine:nocsy_sewer_boss/right_forearm"},{"predicate":{"custom_model_data":476},"model":"modelengine:nocsy_sewer_boss/left_forearm"},{"predicate":{"custom_model_data":477},"model":"modelengine:nocsy_sewer_boss/left_tibia"},{"predicate":{"custom_model_data":478},"model":"modelengine:nocsy_sewer_boss/right_tibia"},{"predicate":{"custom_model_data":479},"model":"modelengine:nocsy_sewer_boss/tail_preend"},{"predicate":{"custom_model_data":480},"model":"modelengine:nocsy_sewer_boss/crossbow"},{"predicate":{"custom_model_data":481},"model":"modelengine:nocsy_sewer_boss/left_foot"},{"predicate":{"custom_model_data":482},"model":"modelengine:nocsy_sewer_boss/right_foot"},{"predicate":{"custom_model_data":483},"model":"modelengine:nocsy_sewer_boss/tail_end"},{"predicate":{"custom_model_data":484},"model":"modelengine:nocsy_sewer_leech/chest"},{"predicate":{"custom_model_data":485},"model":"modelengine:nocsy_sewer_leech/tail"},{"predicate":{"custom_model_data":486},"model":"modelengine:nocsy_sewer_leech/neck"},{"predicate":{"custom_model_data":487},"model":"modelengine:nocsy_sewer_leech/head"},{"predicate":{"custom_model_data":488},"model":"modelengine:nocsy_sewer_mosquito/head"},{"predicate":{"custom_model_data":489},"model":"modelengine:nocsy_sewer_mosquito/abdomen"},{"predicate":{"custom_model_data":490},"model":"modelengine:nocsy_sewer_mosquito/right_wing"},{"predicate":{"custom_model_data":491},"model":"modelengine:nocsy_sewer_mosquito/left_wing"},{"predicate":{"custom_model_data":492},"model":"modelengine:nocsy_sewer_potion_projectile/body"},{"predicate":{"custom_model_data":493},"model":"modelengine:nocsy_sewer_rat/chest"},{"predicate":{"custom_model_data":494},"model":"modelengine:nocsy_sewer_rat/left_leg"},{"predicate":{"custom_model_data":495},"model":"modelengine:nocsy_sewer_rat/right_arm"},{"predicate":{"custom_model_data":496},"model":"modelengine:nocsy_sewer_rat/right_leg"},{"predicate":{"custom_model_data":497},"model":"modelengine:nocsy_sewer_rat/left_arm"},{"predicate":{"custom_model_data":498},"model":"modelengine:nocsy_sewer_rat/left_foot"},{"predicate":{"custom_model_data":499},"model":"modelengine:nocsy_sewer_rat/right_forearm"},{"predicate":{"custom_model_data":500},"model":"modelengine:nocsy_sewer_rat/right_foot"},{"predicate":{"custom_model_data":501},"model":"modelengine:nocsy_sewer_rat/left_forearm"},{"predicate":{"custom_model_data":502},"model":"modelengine:nocsy_sewer_rat/tail"},{"predicate":{"custom_model_data":503},"model":"modelengine:nocsy_sewer_rat/head"},{"predicate":{"custom_model_data":504},"model":"modelengine:nocsy_sewer_rat/tail_mid"},{"predicate":{"custom_model_data":505},"model":"modelengine:nocsy_sewer_rat/tail_midend"},{"predicate":{"custom_model_data":506},"model":"modelengine:nocsy_sewer_rat/tail_end"},{"predicate":{"custom_model_data":507},"model":"modelengine:nocsy_sewer_spider/right_leg_mid"},{"predicate":{"custom_model_data":508},"model":"modelengine:nocsy_sewer_spider/left_leg_end"},{"predicate":{"custom_model_data":509},"model":"modelengine:nocsy_sewer_spider/left_leg_front"},{"predicate":{"custom_model_data":510},"model":"modelengine:nocsy_sewer_spider/right_leg_end"},{"predicate":{"custom_model_data":511},"model":"modelengine:nocsy_sewer_spider/left_leg_mid"},{"predicate":{"custom_model_data":512},"model":"modelengine:nocsy_sewer_spider/right_leg_front"},{"predicate":{"custom_model_data":513},"model":"modelengine:nocsy_sewer_spider/head"},{"predicate":{"custom_model_data":514},"model":"modelengine:nocsy_sewer_spider/abdomen"},{"predicate":{"custom_model_data":515},"model":"modelengine:nm_grizzly_bear/base"},{"predicate":{"custom_model_data":516},"model":"modelengine:nm_grizzly_bear/rightleg"},{"predicate":{"custom_model_data":517},"model":"modelengine:nm_grizzly_bear/upperbody"},{"predicate":{"custom_model_data":518},"model":"modelengine:nm_grizzly_bear/leftleg"},{"predicate":{"custom_model_data":519},"model":"modelengine:nm_grizzly_bear/head"},{"predicate":{"custom_model_data":520},"model":"modelengine:nm_grizzly_bear/rightarm"},{"predicate":{"custom_model_data":521},"model":"modelengine:nm_grizzly_bear/leftarm"},{"predicate":{"custom_model_data":522},"model":"modelengine:nm_grizzly_bear_baby/base"},{"predicate":{"custom_model_data":523},"model":"modelengine:nm_grizzly_bear_baby/head"},{"predicate":{"custom_model_data":524},"model":"modelengine:nm_grizzly_bear_baby/rightleg"},{"predicate":{"custom_model_data":525},"model":"modelengine:nm_grizzly_bear_baby/rightarm"},{"predicate":{"custom_model_data":526},"model":"modelengine:nm_grizzly_bear_baby/leftleg"},{"predicate":{"custom_model_data":527},"model":"modelengine:nm_grizzly_bear_baby/leftarm"}],"parent":"minecraft:item/generated","textures":{"layer0":"minecraft:item/leather_horse_armor"}}