{"parent":"item/generated","textures":{"layer0":"item/paper"},"overrides":[{"predicate":{"custom_model_data":5},"model":"mmoitems_pack:ia_auto_gen/p5"},{"predicate":{"custom_model_data":6},"model":"mmoitems_pack:ia_auto_gen/p6"},{"predicate":{"custom_model_data":7},"model":"mmoitems_pack:ia_auto_gen/p7"},{"predicate":{"custom_model_data":8},"model":"mmoitems_pack:ia_auto_gen/p8"},{"predicate":{"custom_model_data":9},"model":"mmoitems_pack:ia_auto_gen/p9"},{"predicate":{"custom_model_data":10},"model":"mmoitems_pack:ia_auto_gen/p10"},{"predicate":{"custom_model_data":11},"model":"mmoitems_pack:ia_auto_gen/p11"},{"predicate":{"custom_model_data":12},"model":"mmoitems_pack:ia_auto_gen/p12"},{"predicate":{"custom_model_data":13},"model":"mmoitems_pack:ia_auto_gen/p13"},{"predicate":{"custom_model_data":14},"model":"misc:ia_auto_gen/example_tooltip"},{"predicate":{"custom_model_data":15},"model":"misc:ia_auto_gen/infusion_green"},{"predicate":{"custom_model_data":17},"model":"misc:ia_auto_gen/infusion_orange"},{"predicate":{"custom_model_data":18},"model":"misc:ia_auto_gen/infusion_pink"},{"predicate":{"custom_model_data":19},"model":"mmoitems_pack:ia_auto_gen/p19"},{"predicate":{"custom_model_data":20},"model":"mmoitems_pack:ia_auto_gen/p20"},{"predicate":{"custom_model_data":21},"model":"mmoitems_pack:ia_auto_gen/p21"},{"predicate":{"custom_model_data":22},"model":"misc:ia_auto_gen/infusion_purple"},{"predicate":{"custom_model_data":23},"model":"mmoitems_pack:ia_auto_gen/p23"},{"predicate":{"custom_model_data":24},"model":"mmoitems_pack:ia_auto_gen/p24"},{"predicate":{"custom_model_data":25},"model":"mmoitems_pack:ia_auto_gen/p25"},{"predicate":{"custom_model_data":26},"model":"mmoitems_pack:ia_auto_gen/p26"},{"predicate":{"custom_model_data":27},"model":"mmoitems_pack:ia_auto_gen/p27"},{"predicate":{"custom_model_data":28},"model":"mmoitems_pack:ia_auto_gen/p28"},{"predicate":{"custom_model_data":29},"model":"mmoitems_pack:ia_auto_gen/p29"},{"predicate":{"custom_model_data":31},"model":"misc:ia_auto_gen/infusion_teal"},{"predicate":{"custom_model_data":32},"model":"mmoitems_pack:ia_auto_gen/p31"},{"predicate":{"custom_model_data":33},"model":"mmoitems_pack:ia_auto_gen/p32"},{"predicate":{"custom_model_data":34},"model":"mmoitems_pack:ia_auto_gen/p33"},{"predicate":{"custom_model_data":35},"model":"misc:ia_auto_gen/infusion_white"},{"predicate":{"custom_model_data":36},"model":"misc:ia_auto_gen/infusion_yellow"},{"predicate":{"custom_model_data":37},"model":"misc:ia_auto_gen/scroll"},{"predicate":{"custom_model_data":39},"model":"mmoitems_pack:ia_auto_gen/p39"},{"predicate":{"custom_model_data":40},"model":"mmoitems_pack:ia_auto_gen/p40"},{"predicate":{"custom_model_data":41},"model":"mmoitems_pack:ia_auto_gen/p41"},{"predicate":{"custom_model_data":42},"model":"mmoitems_pack:ia_auto_gen/p42"},{"predicate":{"custom_model_data":43},"model":"mmoitems_pack:ia_auto_gen/p43"},{"predicate":{"custom_model_data":44},"model":"mmoitems_pack:ia_auto_gen/p44"},{"predicate":{"custom_model_data":45},"model":"mmoitems_pack:ia_auto_gen/p45"},{"predicate":{"custom_model_data":46},"model":"mmoitems_pack:ia_auto_gen/p46"},{"predicate":{"custom_model_data":47},"model":"mmoitems_pack:ia_auto_gen/p47"},{"predicate":{"custom_model_data":48},"model":"mmoitems_pack:ia_auto_gen/p48"},{"predicate":{"custom_model_data":49},"model":"mmoitems_pack:ia_auto_gen/p49"},{"predicate":{"custom_model_data":50},"model":"mmoitems_pack:ia_auto_gen/p50"},{"predicate":{"custom_model_data":51},"model":"mmoitems_pack:ia_auto_gen/p51"},{"predicate":{"custom_model_data":52},"model":"mmoitems_pack:ia_auto_gen/p52"},{"predicate":{"custom_model_data":53},"model":"mmoitems_pack:ia_auto_gen/p53"},{"predicate":{"custom_model_data":54},"model":"mmoitems_pack:ia_auto_gen/p54"},{"predicate":{"custom_model_data":55},"model":"mmoitems_pack:ia_auto_gen/p55"},{"predicate":{"custom_model_data":56},"model":"mmoitems_pack:ia_auto_gen/p56"},{"predicate":{"custom_model_data":57},"model":"mmoitems_pack:ia_auto_gen/p57"},{"predicate":{"custom_model_data":58},"model":"mmoitems_pack:ia_auto_gen/p58"},{"predicate":{"custom_model_data":59},"model":"mmoitems_pack:ia_auto_gen/p59"},{"predicate":{"custom_model_data":61},"model":"mmoitems_pack:ia_auto_gen/p61"},{"predicate":{"custom_model_data":62},"model":"mmoitems_pack:ia_auto_gen/p62"},{"predicate":{"custom_model_data":63},"model":"mmoitems_pack:ia_auto_gen/p63"},{"predicate":{"custom_model_data":64},"model":"mmoitems_pack:ia_auto_gen/p64"},{"predicate":{"custom_model_data":65},"model":"mmoitems_pack:ia_auto_gen/p65"},{"predicate":{"custom_model_data":66},"model":"mmoitems_pack:ia_auto_gen/p66"},{"predicate":{"custom_model_data":67},"model":"mmoitems_pack:ia_auto_gen/p67"},{"predicate":{"custom_model_data":74},"model":"misc:ia_auto_gen/coin"},{"predicate":{"custom_model_data":75},"model":"misc:item/anchor"},{"predicate":{"custom_model_data":76},"model":"misc:ia_auto_gen/blob_fish"},{"predicate":{"custom_model_data":77},"model":"misc:ia_auto_gen/parrot_fish"},{"predicate":{"custom_model_data":78},"model":"misc:ia_auto_gen/lion_fish"},{"predicate":{"custom_model_data":79},"model":"misc:ia_auto_gen/angler_fish"},{"predicate":{"custom_model_data":80},"model":"misc:ia_auto_gen/electric_eel"},{"predicate":{"custom_model_data":81},"model":"misc:ia_auto_gen/ghost_fish"},{"predicate":{"custom_model_data":82},"model":"misc:ia_auto_gen/scrap_1"},{"predicate":{"custom_model_data":83},"model":"misc:ia_auto_gen/scrap_2"},{"predicate":{"custom_model_data":84},"model":"misc:ia_auto_gen/scrap_3"},{"predicate":{"custom_model_data":104},"model":"custom/slot_blank"},{"predicate":{"custom_model_data":117},"model":"custom/helmet"},{"predicate":{"custom_model_data":118},"model":"custom/chestplate"},{"predicate":{"custom_model_data":119},"model":"custom/legging"},{"predicate":{"custom_model_data":120},"model":"custom/boot"},{"predicate":{"custom_model_data":121},"model":"custom/main"},{"predicate":{"custom_model_data":122},"model":"custom/off"},{"predicate":{"custom_model_data":123},"model":"custom/online"},{"predicate":{"custom_model_data":124},"model":"custom/offline"},{"predicate":{"custom_model_data":125},"model":"custom/uparrow"},{"predicate":{"custom_model_data":126},"model":"custom/btn_off"},{"predicate":{"custom_model_data":127},"model":"custom/afk"},{"predicate":{"custom_model_data":128},"model":"custom/miner"},{"predicate":{"custom_model_data":129},"model":"custom/miner2"},{"predicate":{"custom_model_data":130},"model":"custom/hunter"},{"predicate":{"custom_model_data":131},"model":"custom/hunter2"},{"predicate":{"custom_model_data":132},"model":"custom/farmer"},{"predicate":{"custom_model_data":133},"model":"custom/farmer2"},{"predicate":{"custom_model_data":134},"model":"custom/woodcutter"},{"predicate":{"custom_model_data":135},"model":"custom/woodcutter2"},{"predicate":{"custom_model_data":136},"model":"custom/fisherman"},{"predicate":{"custom_model_data":137},"model":"custom/fisherman2"},{"predicate":{"custom_model_data":138},"model":"custom/digger"},{"predicate":{"custom_model_data":139},"model":"custom/digger2"},{"predicate":{"custom_model_data":140},"model":"custom/enchanter"},{"predicate":{"custom_model_data":141},"model":"custom/enchanter2"},{"predicate":{"custom_model_data":142},"model":"custom/explorer"},{"predicate":{"custom_model_data":143},"model":"custom/explorer2"},{"predicate":{"custom_model_data":144},"model":"custom/soon"},{"predicate":{"custom_model_data":3301},"model":"guis:ia_auto_gen/battlepass_chest"},{"predicate":{"custom_model_data":3302},"model":"guis:ia_auto_gen/battlepass_chestopen"},{"predicate":{"custom_model_data":3303},"model":"guis:ia_auto_gen/battlepass_chestfull"},{"predicate":{"custom_model_data":3304},"model":"guis:ia_auto_gen/battlepass_chestdark"},{"predicate":{"custom_model_data":3305},"model":"guis:ia_auto_gen/battlepass_book"},{"predicate":{"custom_model_data":3306},"model":"guis:ia_auto_gen/battlepass_bookdark"},{"predicate":{"custom_model_data":4001},"model":"guis:ia_auto_gen/battlepass_green"},{"predicate":{"custom_model_data":4002},"model":"guis:ia_auto_gen/battlepass_yellow"},{"predicate":{"custom_model_data":4003},"model":"guis:ia_auto_gen/battlepass_red"},{"predicate":{"custom_model_data":10000},"model":"_iainternal:ia_auto_gen/icon_left_blue"},{"predicate":{"custom_model_data":10001},"model":"_iainternal:ia_auto_gen/icon_right_blue"},{"predicate":{"custom_model_data":10002},"model":"_iainternal:ia_auto_gen/icon_search"},{"predicate":{"custom_model_data":10003},"model":"_iainternal:ia_auto_gen/icon_cancel"},{"predicate":{"custom_model_data":10004},"model":"_iainternal:ia_auto_gen/icon_arrow_chest"},{"predicate":{"custom_model_data":10005},"model":"_iainternal:ia_auto_gen/icon_back_orange"},{"predicate":{"custom_model_data":10006},"model":"_iainternal:ia_auto_gen/icon_next_orange"},{"predicate":{"custom_model_data":10007},"model":"ores:ia_auto_gen/cobalt_ore"},{"predicate":{"custom_model_data":10008},"model":"ores:ia_auto_gen/malachite_ore"},{"predicate":{"custom_model_data":10009},"model":"ores:ia_auto_gen/mithril_ore"},{"predicate":{"custom_model_data":10010},"model":"ores:ia_auto_gen/steel_ore"},{"predicate":{"custom_model_data":10011},"model":"ores:ia_auto_gen/tungsten_ore"},{"predicate":{"custom_model_data":10012},"model":"ores:ia_auto_gen/raw_cobalt_block"},{"predicate":{"custom_model_data":10013},"model":"ores:ia_auto_gen/raw_malachite_block"},{"predicate":{"custom_model_data":10014},"model":"ores:ia_auto_gen/raw_mithril_block"},{"predicate":{"custom_model_data":10015},"model":"ores:ia_auto_gen/raw_steel_block"},{"predicate":{"custom_model_data":10016},"model":"ores:ia_auto_gen/raw_tungsten_block"},{"predicate":{"custom_model_data":10017},"model":"ores:ia_auto_gen/cobalt"},{"predicate":{"custom_model_data":10018},"model":"ores:ia_auto_gen/malachite"},{"predicate":{"custom_model_data":10019},"model":"ores:ia_auto_gen/mithril"},{"predicate":{"custom_model_data":10020},"model":"ores:ia_auto_gen/steel"},{"predicate":{"custom_model_data":10021},"model":"ores:ia_auto_gen/tungsten"},{"predicate":{"custom_model_data":10022},"model":"ores:ia_auto_gen/cobalt_ingot"},{"predicate":{"custom_model_data":10023},"model":"ores:ia_auto_gen/malachite_ingot"},{"predicate":{"custom_model_data":10024},"model":"ores:ia_auto_gen/mithril_ingot"},{"predicate":{"custom_model_data":10025},"model":"ores:ia_auto_gen/steel_ingot"},{"predicate":{"custom_model_data":10026},"model":"ores:ia_auto_gen/tungsten_ingot"},{"predicate":{"custom_model_data":10027},"model":"misc:ia_auto_gen/yoga_staff"},{"predicate":{"custom_model_data":10028},"model":"misc:logs/poplar"},{"predicate":{"custom_model_data":10029},"model":"misc:logs/walnut"},{"predicate":{"custom_model_data":10030},"model":"misc:logs/willow"},{"predicate":{"custom_model_data":10031},"model":"misc:logs/almond"},{"predicate":{"custom_model_data":10032},"model":"misc:planks/planks_poplar"},{"predicate":{"custom_model_data":10033},"model":"misc:planks/planks_walnut"},{"predicate":{"custom_model_data":10034},"model":"misc:planks/planks_willow"},{"predicate":{"custom_model_data":10035},"model":"misc:planks/planks_almond"},{"predicate":{"custom_model_data":10038},"model":"misc:ia_auto_gen/fabric"},{"predicate":{"custom_model_data":10039},"model":"misc:ia_auto_gen/leaves"},{"predicate":{"custom_model_data":10040},"model":"misc:ia_auto_gen/liquid_steel"},{"predicate":{"custom_model_data":10041},"model":"misc:ia_auto_gen/silk"},{"predicate":{"custom_model_data":10042},"model":"misc:ia_auto_gen/worm"},{"predicate":{"custom_model_data":10043},"model":"misc:item/smelter"},{"predicate":{"custom_model_data":10044},"model":"misc:ia_auto_gen/infusion_tank_1"},{"predicate":{"custom_model_data":10045},"model":"misc:ia_auto_gen/infusion_tank_2"},{"predicate":{"custom_model_data":10046},"model":"misc:ia_auto_gen/infusion_tank_3"},{"predicate":{"custom_model_data":10047},"model":"misc:ia_auto_gen/shard"},{"predicate":{"custom_model_data":10048},"model":"misc:ia_auto_gen/magic_goo"},{"predicate":{"custom_model_data":10049},"model":"misc:ia_auto_gen/sticky_stuff"},{"predicate":{"custom_model_data":10050},"model":"misc:ia_auto_gen/glowball"},{"predicate":{"custom_model_data":10051},"model":"misc:item/deep_miner_helmet"},{"predicate":{"custom_model_data":10052},"model":"misc:ia_auto_gen/infusion_enforcer_1"},{"predicate":{"custom_model_data":10053},"model":"misc:ia_auto_gen/infusion_enforcer_2"},{"predicate":{"custom_model_data":10054},"model":"misc:ia_auto_gen/infusion_enforcer_3"},{"predicate":{"custom_model_data":10055},"model":"misc:ia_auto_gen/infusion_speed_1"},{"predicate":{"custom_model_data":10056},"model":"misc:ia_auto_gen/infusion_speed_2"},{"predicate":{"custom_model_data":10057},"model":"misc:ia_auto_gen/infusion_speed_3"},{"predicate":{"custom_model_data":10058},"model":"misc:ia_auto_gen/infusion_hardhitting_1"},{"predicate":{"custom_model_data":10059},"model":"misc:ia_auto_gen/infusion_hardhitting_2"},{"predicate":{"custom_model_data":10060},"model":"misc:ia_auto_gen/infusion_hardhitting_3"},{"predicate":{"custom_model_data":110007},"model":"guis:guis/invisibleitem"},{"predicate":{"custom_model_data":110008},"model":"item/paper"}]}