{"parent":"minecraft:item/template_skull","overrides":[{"predicate":{"custom_model_data":1},"model":"playeremotes:player/head"},{"predicate":{"custom_model_data":1},"model":"guis:guis/player_head"},{"predicate":{"custom_model_data":2},"model":"playeremotes:player/norm/right_shoulder"},{"predicate":{"custom_model_data":3},"model":"playeremotes:player/norm/left_shoulder"},{"predicate":{"custom_model_data":4},"model":"playeremotes:player/norm/arm"},{"predicate":{"custom_model_data":5},"model":"playeremotes:player/slim/right_shoulder"},{"predicate":{"custom_model_data":6},"model":"playeremotes:player/slim/left_shoulder"},{"predicate":{"custom_model_data":7},"model":"playeremotes:player/slim/arm"},{"predicate":{"custom_model_data":8},"model":"playeremotes:player/body"},{"predicate":{"custom_model_data":9},"model":"playeremotes:player/leg"},{"predicate":{"custom_model_data":10},"model":"custom/large_player_head"},{"predicate":{"custom_model_data":11},"model":"item/player_head"}]}