{"parent":"minecraft:item/handheld","textures":{"layer0":"minecraft:item/stick"},"overrides":[{"predicate":{"custom_model_data":1},"model":"mmoitems_pack:ia_auto_gen/staff1"},{"predicate":{"custom_model_data":2},"model":"mmoitems_pack:ia_auto_gen/staff2"},{"predicate":{"custom_model_data":3},"model":"mmoitems_pack:ia_auto_gen/staff3"},{"predicate":{"custom_model_data":4},"model":"mmoitems_pack:ia_auto_gen/staff4"},{"predicate":{"custom_model_data":5},"model":"mmoitems_pack:ia_auto_gen/staff5"},{"predicate":{"custom_model_data":6},"model":"mmoitems_pack:ia_auto_gen/staff6"},{"predicate":{"custom_model_data":7},"model":"mmoitems_pack:ia_auto_gen/staff7"},{"predicate":{"custom_model_data":8},"model":"mmoitems_pack:ia_auto_gen/staff8"},{"predicate":{"custom_model_data":9},"model":"mmoitems_pack:ia_auto_gen/staff9"},{"predicate":{"custom_model_data":10},"model":"mmoitems_pack:ia_auto_gen/staff10"},{"predicate":{"custom_model_data":11},"model":"mmoitems_pack:ia_auto_gen/staff11"},{"predicate":{"custom_model_data":12},"model":"mmoitems_pack:ia_auto_gen/staff12"},{"predicate":{"custom_model_data":10000},"model":"minecraft:custom/sell_wand"},{"predicate":{"custom_model_data":10059},"model":"minecraft:item/stick"},{"predicate":{"custom_model_data":10060},"model":"item/stick"}]}