{"credit":"MadewithBlockbench","texture_size":[32,32],"textures":{"0":"item/sell_wand"},"elements":[{"from":[7,1,7],"to":[9,13,9],"rotation":{"angle":0,"axis":"y","origin":[1,0,7]},"faces":{"north":{"uv":[1,1,2,8],"texture":"#0"},"east":{"uv":[0,1,1,8],"texture":"#0"},"south":{"uv":[3,1,4,8],"texture":"#0"},"west":{"uv":[2,1,3,8],"texture":"#0"},"up":{"uv":[2,1,1,0],"texture":"#0"},"down":{"uv":[3,0,2,1],"texture":"#0"}}},{"from":[6,13,6],"to":[10,15,10],"rotation":{"angle":0,"axis":"y","origin":[1,-4,7]},"faces":{"north":{"uv":[6,2,8,3],"texture":"#0"},"east":{"uv":[4,2,6,3],"texture":"#0"},"south":{"uv":[10,2,12,3],"texture":"#0"},"west":{"uv":[8,2,10,3],"texture":"#0"},"up":{"uv":[8,2,6,0],"texture":"#0"},"down":{"uv":[10,0,8,2],"texture":"#0"}}},{"from":[8.5,12.5,6.25],"to":[12.5,14.5,9.75],"rotation":{"angle":45,"axis":"z","origin":[8,14,8]},"faces":{"north":{"uv":[5.5,7,7.5,8],"texture":"#0"},"east":{"uv":[4,7,5.5,8],"texture":"#0"},"south":{"uv":[9,7,11,8],"texture":"#0"},"west":{"uv":[7.5,7,9,8],"texture":"#0"},"up":{"uv":[7.5,7,5.5,5.5],"texture":"#0"},"down":{"uv":[9.5,5.5,7.5,7],"texture":"#0"}}},{"from":[3.5,12.5,6.25],"to":[7.5,14.5,9.75],"rotation":{"angle":-45,"axis":"z","origin":[8,14,8]},"faces":{"north":{"uv":[5.5,4.5,7.5,5.5],"texture":"#0"},"east":{"uv":[4,4.5,5.5,5.5],"texture":"#0"},"south":{"uv":[9,4.5,11,5.5],"texture":"#0"},"west":{"uv":[7.5,4.5,9,5.5],"texture":"#0"},"up":{"uv":[7.5,4.5,5.5,3],"texture":"#0"},"down":{"uv":[9.5,3,7.5,4.5],"texture":"#0"}}},{"from":[6.5,0,6.5],"to":[9.5,1,9.5],"rotation":{"angle":0,"axis":"y","origin":[1,0,7]},"faces":{"north":{"uv":[5.5,9.5,7,10],"texture":"#0"},"east":{"uv":[4,9.5,5.5,10],"texture":"#0"},"south":{"uv":[8.5,9.5,10,10],"texture":"#0"},"west":{"uv":[7,9.5,8.5,10],"texture":"#0"},"up":{"uv":[7,9.5,5.5,8],"texture":"#0"},"down":{"uv":[8.5,8,7,9.5],"texture":"#0"}}},{"from":[6.5,3,6.5],"to":[9.5,4,9.5],"rotation":{"angle":0,"axis":"y","origin":[1,0,7]},"faces":{"north":{"uv":[5.5,9.5,7,10],"texture":"#0"},"east":{"uv":[4,9.5,5.5,10],"texture":"#0"},"south":{"uv":[8.5,9.5,10,10],"texture":"#0"},"west":{"uv":[7,9.5,8.5,10],"texture":"#0"},"up":{"uv":[7,9.5,5.5,8],"texture":"#0"},"down":{"uv":[8.5,8,7,9.5],"texture":"#0"}}},{"from":[5,16.5,6.5],"to":[8,19.5,9.5],"rotation":{"angle":45,"axis":"z","origin":[7,20,8]},"faces":{"north":{"uv":[1,11,2.5,12.5],"texture":"#0"},"east":{"uv":[0,11,1,12.5],"texture":"#0"},"south":{"uv":[3.5,11,5,12.5],"texture":"#0"},"west":{"uv":[2.5,11,3.5,12.5],"texture":"#0"},"up":{"uv":[2.5,11,1,10],"texture":"#0"},"down":{"uv":[4,10,2.5,11],"texture":"#0"}}}],"gui_light":"front","display":{"thirdperson_righthand":{"translation":[-0.25,1.75,1.75]},"firstperson_righthand":{"rotation":[0,-78,0],"translation":[1.75,0,0],"scale":[0.65,0.65,0.65]},"firstperson_lefthand":{"rotation":[0,-78,0],"translation":[1.75,0,0],"scale":[0.65,0.65,0.65]},"ground":{"rotation":[-28.45,-2.39,9.55],"scale":[0.65,0.65,0.65]},"gui":{"rotation":[0,0,-45],"translation":[-0.75,-1,0],"scale":[0.85,0.85,0.85]},"head":{"translation":[0,7.25,0],"scale":[0.65,0.65,0.65]},"fixed":{"rotation":[0,0,40],"translation":[0,-1.25,0],"scale":[0.7,0.7,0.7]}}}