{
    "credit": "Made with Blockbench",
    "textures": {
        "1": "furnitureengine:block/misc/bin"
    },
    "elements": [
        {
            "from": [
                0.00869,
                16.00009,
                -0.00878
            ],
            "to": [
                16.00869,
                21.00009,
                15.99122
            ],
            "rotation": {
                "angle": 0,
                "axis": "x",
                "origin": [
                    8.00869,
                    -0.99991,
                    7.99122
                ]
            },
            "faces": {
                "north": {
                    "uv": [
                        7,
                        0,
                        15,
                        2
                    ],
                    "texture": "#1"
                },
                "east": {
                    "uv": [
                        7,
                        0,
                        15,
                        2
                    ],
                    "texture": "#1"
                },
                "south": {
                    "uv": [
                        7,
                        0,
                        15,
                        2
                    ],
                    "texture": "#1"
                },
                "west": {
                    "uv": [
                        7,
                        0,
                        15,
                        2
                    ],
                    "texture": "#1"
                },
                "up": {
                    "uv": [
                        7,
                        2,
                        15,
                        10
                    ],
                    "texture": "#1"
                },
                "down": {
                    "uv": [
                        7,
                        2,
                        15,
                        10
                    ],
                    "texture": "#1"
                }
            }
        },
        {
            "from": [
                1.01045,
                0.00005,
                0.9895
            ],
            "to": [
                15.01045,
                16.00005,
                14.9895
            ],
            "rotation": {
                "angle": 0,
                "axis": "x",
                "origin": [
                    8.02003,
                    14.50011,
                    7.97986
                ]
            },
            "faces": {
                "north": {
                    "uv": [
                        0,
                        0,
                        7,
                        8
                    ],
                    "texture": "#1"
                },
                "east": {
                    "uv": [
                        0,
                        8,
                        7,
                        16
                    ],
                    "texture": "#1"
                },
                "south": {
                    "uv": [
                        0,
                        0,
                        7,
                        8
                    ],
                    "texture": "#1"
                },
                "west": {
                    "uv": [
                        0,
                        8,
                        7,
                        16
                    ],
                    "texture": "#1"
                },
                "up": {
                    "uv": [
                        0.25,
                        5.25,
                        3.75,
                        8.75
                    ],
                    "rotation": 180,
                    "texture": "#missing"
                },
                "down": {
                    "uv": [
                        7,
                        2,
                        10.5,
                        2.5
                    ],
                    "texture": "#1"
                }
            }
        },
        {
            "from": [
                5,
                21,
                7
            ],
            "to": [
                6,
                23,
                9
            ],
            "faces": {
                "north": {
                    "uv": [
                        0,
                        0,
                        1,
                        2
                    ],
                    "texture": "#1"
                },
                "east": {
                    "uv": [
                        9.5,
                        10,
                        11.5,
                        11
                    ],
                    "texture": "#1"
                },
                "south": {
                    "uv": [
                        0,
                        0,
                        1,
                        2
                    ],
                    "texture": "#1"
                },
                "west": {
                    "uv": [
                        10.5,
                        10,
                        12,
                        11
                    ],
                    "texture": "#1"
                },
                "up": {
                    "uv": [
                        0,
                        0,
                        1,
                        2
                    ],
                    "texture": "#1"
                },
                "down": {
                    "uv": [
                        0,
                        0,
                        1,
                        2
                    ],
                    "texture": "#1"
                }
            }
        },
        {
            "from": [
                10,
                21,
                7
            ],
            "to": [
                11,
                23,
                9
            ],
            "faces": {
                "north": {
                    "uv": [
                        0,
                        0,
                        1,
                        2
                    ],
                    "texture": "#1"
                },
                "east": {
                    "uv": [
                        9.5,
                        10,
                        11.5,
                        11
                    ],
                    "texture": "#1"
                },
                "south": {
                    "uv": [
                        9,
                        10,
                        10.5,
                        11
                    ],
                    "texture": "#1"
                },
                "west": {
                    "uv": [
                        0,
                        0,
                        2,
                        2
                    ],
                    "texture": "#1"
                },
                "up": {
                    "uv": [
                        0,
                        0,
                        1,
                        2
                    ],
                    "texture": "#1"
                },
                "down": {
                    "uv": [
                        0,
                        0,
                        1,
                        2
                    ],
                    "texture": "#1"
                }
            }
        },
        {
            "from": [
                6,
                22,
                7
            ],
            "to": [
                10,
                23,
                9
            ],
            "faces": {
                "north": {
                    "uv": [
                        15,
                        0,
                        16,
                        1.5
                    ],
                    "texture": "#1"
                },
                "east": {
                    "uv": [
                        0,
                        0,
                        2,
                        1
                    ],
                    "texture": "#1"
                },
                "south": {
                    "uv": [
                        15,
                        0,
                        16,
                        1.5
                    ],
                    "texture": "#1"
                },
                "west": {
                    "uv": [
                        0,
                        0,
                        2,
                        1
                    ],
                    "texture": "#1"
                },
                "up": {
                    "uv": [
                        9,
                        10,
                        11,
                        11
                    ],
                    "texture": "#1"
                },
                "down": {
                    "uv": [
                        15,
                        0,
                        16,
                        1.5
                    ],
                    "texture": "#1"
                }
            }
        }
    ],
    "display": {
        "thirdperson_righthand": {
            "rotation": [
                6,
                38,
                0
            ],
            "scale": [
                0.2,
                0.2,
                0.2
            ]
        },
        "thirdperson_lefthand": {
            "rotation": [
                6,
                38,
                0
            ],
            "scale": [
                0.2,
                0.2,
                0.2
            ]
        },
        "firstperson_righthand": {
            "rotation": [
                -8,
                111,
                0
            ],
            "translation": [
                2.25,
                0.5,
                0.25
            ],
            "scale": [
                0.4,
                0.4,
                0.4
            ]
        },
        "firstperson_lefthand": {
            "rotation": [
                -8,
                111,
                0
            ],
            "translation": [
                2.25,
                0.5,
                0.25
            ],
            "scale": [
                0.4,
                0.4,
                0.4
            ]
        },
        "ground": {
            "translation": [
                0,
                2,
                0
            ],
            "scale": [
                0.2,
                0.2,
                0.2
            ]
        },
        "gui": {
            "rotation": [
                30,
                135,
                0
            ],
            "translation": [
                0,
                -0.75,
                0
            ],
            "scale": [
                0.5,
                0.5,
                0.5
            ]
        },
        "head": {
            "translation": [
                0,
                -30.25,
                0
            ],
            "scale": [
                1.6,
                1.6,
                1.6
            ]
        },
        "fixed": {
            "rotation": [
                -90,
                0,
                0
            ],
            "translation": [
                0,
                0,
                17
            ],
            "scale": [
                2,
                2,
                2
            ]
        }
    },
    "groups": [
        {
            "name": "group",
            "origin": [
                8,
                8,
                8
            ],
            "color": 0,
            "children": [
                0,
                1,
                2,
                3,
                4
            ]
        }
    ]
}