{
    "textures": {
        "2": "furnitureengine:block/misc/grave"
    },
    "elements": [
        {
            "from": [
                0,
                0,
                0
            ],
            "to": [
                16,
                2,
                16
            ],
            "faces": {
                "north": {
                    "uv": [
                        4,
                        0,
                        8,
                        0.5
                    ],
                    "texture": "#2"
                },
                "east": {
                    "uv": [
                        4,
                        0,
                        8,
                        0.5
                    ],
                    "texture": "#2"
                },
                "south": {
                    "uv": [
                        4,
                        0,
                        8,
                        0.5
                    ],
                    "texture": "#2"
                },
                "west": {
                    "uv": [
                        4,
                        0,
                        8,
                        0.5
                    ],
                    "texture": "#2"
                },
                "up": {
                    "uv": [
                        0,
                        0,
                        4,
                        4
                    ],
                    "texture": "#2"
                },
                "down": {
                    "uv": [
                        0,
                        4,
                        4,
                        8
                    ],
                    "texture": "#2"
                }
            }
        },
        {
            "from": [
                1,
                0.3,
                12
            ],
            "to": [
                15,
                16.3,
                15
            ],
            "faces": {
                "north": {
                    "uv": [
                        8,
                        0,
                        12,
                        4
                    ],
                    "texture": "#2"
                },
                "east": {
                    "uv": [
                        13.5,
                        0,
                        14.25,
                        4
                    ],
                    "texture": "#2"
                },
                "south": {
                    "uv": [
                        12,
                        4,
                        16,
                        8
                    ],
                    "texture": "#2"
                },
                "west": {
                    "uv": [
                        13.5,
                        0,
                        14.25,
                        4
                    ],
                    "texture": "#2"
                },
                "up": {
                    "uv": [
                        8.25,
                        5.25,
                        11.75,
                        6
                    ],
                    "texture": "#2"
                },
                "down": {
                    "uv": [
                        8,
                        4.25,
                        12,
                        5
                    ],
                    "texture": "#2"
                }
            }
        },
        {
            "from": [
                2,
                16.3,
                12
            ],
            "to": [
                14,
                17.3,
                15
            ],
            "faces": {
                "north": {
                    "uv": [
                        8.5,
                        4.75,
                        11.5,
                        5
                    ],
                    "texture": "#2"
                },
                "east": {
                    "uv": [
                        9.25,
                        5.5,
                        10,
                        5.75
                    ],
                    "texture": "#2"
                },
                "south": {
                    "uv": [
                        8.5,
                        4.75,
                        11.5,
                        5
                    ],
                    "texture": "#2"
                },
                "west": {
                    "uv": [
                        9.25,
                        5.5,
                        10,
                        5.75
                    ],
                    "texture": "#2"
                },
                "up": {
                    "uv": [
                        8.5,
                        4.25,
                        11.5,
                        5
                    ],
                    "texture": "#2"
                },
                "down": {
                    "uv": [
                        4.25,
                        1.75,
                        4.5,
                        2
                    ],
                    "texture": "#2"
                }
            }
        }
    ],
    "display": {
        "thirdperson_righthand": {
            "translation": [
                0,
                1.5,
                0
            ],
            "scale": [
                0.2,
                0.2,
                0.2
            ]
        },
        "thirdperson_lefthand": {
            "translation": [
                0,
                1.5,
                0
            ],
            "scale": [
                0.2,
                0.2,
                0.2
            ]
        },
        "firstperson_righthand": {
            "scale": [
                0.3,
                0.3,
                0.3
            ]
        },
        "firstperson_lefthand": {
            "scale": [
                0.3,
                0.3,
                0.3
            ]
        },
        "ground": {
            "scale": [
                0.3,
                0.3,
                0.3
            ]
        },
        "gui": {
            "rotation": [
                30,
                148,
                0
            ],
            "translation": [
                0.25,
                -0.25,
                0
            ],
            "scale": [
                0.5,
                0.5,
                0.5
            ]
        },
        "fixed": {
            "rotation": [
                -90,
                0,
                0
            ],
            "translation": [
                0,
                0,
                16
            ],
            "scale": [
                2,
                2,
                2
            ]
        }
    }
}