{"credit":"Made by Larkyy","textures":{"0":"guis:guis/pixel","particle":"guis:guis/pixel"},"elements":[{"from":[0,0,0],"to":[16,0,16],"rotation":{"angle":0,"axis":"y","origin":[8,0,8]},"faces":{"north":{"uv":[0,0,16,16],"texture":"#0"},"east":{"uv":[0,0,16,16],"texture":"#0"},"south":{"uv":[0,0,16,16],"texture":"#0"},"west":{"uv":[0,0,16,16],"texture":"#0"},"up":{"uv":[0,0,16,16],"texture":"#0"},"down":{"uv":[0,16,16,0],"texture":"#0"}}}],"display":{"fixed":{"rotation":[90,0,0],"translation":[0,2.75,31.749],"scale":[4,4,4]}}}