{
    "textures": {
        "1": "furnitureengine:block/oak_table",
        "3": "furnitureengine:block/stools/orange_stool",
        "particle": "furnitureengine:block/stools/orange_stool"
    },
    "elements": [
        {
            "from": [
                13,
                1,
                1
            ],
            "to": [
                15,
                5,
                3
            ],
            "faces": {
                "north": {
                    "uv": [
                        6,
                        6,
                        7,
                        8
                    ],
                    "texture": "#1"
                },
                "east": {
                    "uv": [
                        1,
                        6,
                        2,
                        8
                    ],
                    "texture": "#1"
                },
                "south": {
                    "uv": [
                        6.5,
                        4,
                        7.5,
                        6
                    ],
                    "texture": "#1"
                },
                "west": {
                    "uv": [
                        2.5,
                        4,
                        3.5,
                        6
                    ],
                    "texture": "#1"
                },
                "up": {
                    "uv": [
                        2,
                        0,
                        3,
                        1
                    ],
                    "texture": "#1"
                },
                "down": {
                    "uv": [
                        9,
                        0,
                        10,
                        1
                    ],
                    "texture": "#1"
                }
            }
        },
        {
            "from": [
                1,
                1,
                1
            ],
            "to": [
                3,
                5,
                3
            ],
            "faces": {
                "north": {
                    "uv": [
                        6,
                        6,
                        7,
                        8
                    ],
                    "texture": "#1"
                },
                "east": {
                    "uv": [
                        1,
                        6,
                        2,
                        8
                    ],
                    "texture": "#1"
                },
                "south": {
                    "uv": [
                        6.5,
                        4,
                        7.5,
                        6
                    ],
                    "texture": "#1"
                },
                "west": {
                    "uv": [
                        2.5,
                        4,
                        3.5,
                        6
                    ],
                    "texture": "#1"
                },
                "up": {
                    "uv": [
                        2,
                        0,
                        3,
                        1
                    ],
                    "texture": "#1"
                },
                "down": {
                    "uv": [
                        9,
                        0,
                        10,
                        1
                    ],
                    "texture": "#1"
                }
            }
        },
        {
            "from": [
                1,
                1,
                13
            ],
            "to": [
                3,
                5,
                15
            ],
            "faces": {
                "north": {
                    "uv": [
                        6,
                        6,
                        7,
                        8
                    ],
                    "texture": "#1"
                },
                "east": {
                    "uv": [
                        1,
                        6,
                        2,
                        8
                    ],
                    "texture": "#1"
                },
                "south": {
                    "uv": [
                        6.5,
                        4,
                        7.5,
                        6
                    ],
                    "texture": "#1"
                },
                "west": {
                    "uv": [
                        2.5,
                        4,
                        3.5,
                        6
                    ],
                    "texture": "#1"
                },
                "up": {
                    "uv": [
                        2,
                        0,
                        3,
                        1
                    ],
                    "texture": "#1"
                },
                "down": {
                    "uv": [
                        9,
                        0,
                        10,
                        1
                    ],
                    "texture": "#1"
                }
            }
        },
        {
            "from": [
                13,
                1,
                13
            ],
            "to": [
                15,
                5,
                15
            ],
            "faces": {
                "north": {
                    "uv": [
                        6,
                        6,
                        7,
                        8
                    ],
                    "texture": "#1"
                },
                "east": {
                    "uv": [
                        1,
                        6,
                        2,
                        8
                    ],
                    "texture": "#1"
                },
                "south": {
                    "uv": [
                        6.5,
                        4,
                        7.5,
                        6
                    ],
                    "texture": "#1"
                },
                "west": {
                    "uv": [
                        2.5,
                        4,
                        3.5,
                        6
                    ],
                    "texture": "#1"
                },
                "up": {
                    "uv": [
                        2,
                        0,
                        3,
                        1
                    ],
                    "texture": "#1"
                },
                "down": {
                    "uv": [
                        9,
                        0,
                        10,
                        1
                    ],
                    "texture": "#1"
                }
            }
        },
        {
            "from": [
                0,
                5,
                0
            ],
            "to": [
                16,
                10,
                16
            ],
            "faces": {
                "north": {
                    "uv": [
                        4,
                        2.75,
                        8,
                        4
                    ],
                    "texture": "#3"
                },
                "east": {
                    "uv": [
                        4,
                        2.75,
                        8,
                        4
                    ],
                    "texture": "#3"
                },
                "south": {
                    "uv": [
                        4,
                        2.75,
                        8,
                        4
                    ],
                    "texture": "#3"
                },
                "west": {
                    "uv": [
                        4,
                        2.75,
                        8,
                        4
                    ],
                    "texture": "#3"
                },
                "up": {
                    "uv": [
                        0,
                        0,
                        4,
                        4
                    ],
                    "texture": "#3"
                },
                "down": {
                    "uv": [
                        0,
                        4,
                        4,
                        8
                    ],
                    "texture": "#3"
                }
            }
        }
    ],
    "display": {
        "thirdperson_righthand": {
            "scale": [
                0.2,
                0.2,
                0.2
            ]
        },
        "thirdperson_lefthand": {
            "scale": [
                0.2,
                0.2,
                0.2
            ]
        },
        "firstperson_righthand": {
            "scale": [
                0.3,
                0.3,
                0.3
            ]
        },
        "firstperson_lefthand": {
            "scale": [
                0.3,
                0.3,
                0.3
            ]
        },
        "ground": {
            "scale": [
                0.3,
                0.3,
                0.3
            ]
        },
        "gui": {
            "rotation": [
                30,
                148,
                0
            ],
            "translation": [
                0.25,
                -0.25,
                0
            ],
            "scale": [
                0.5,
                0.5,
                0.5
            ]
        },
        "fixed": {
            "rotation": [
                -90,
                0,
                0
            ],
            "translation": [
                0,
                0,
                18
            ],
            "scale": [
                2,
                2,
                2
            ]
        }
    }
}