{
    "textures": {
        "0": "furnitureengine:block/oak_table"
    },
    "elements": [
        {
            "from": [
                0,
                14,
                0
            ],
            "to": [
                16,
                17,
                16
            ],
            "faces": {
                "north": {
                    "uv": [
                        8,
                        5,
                        16,
                        6.5
                    ],
                    "texture": "#0"
                },
                "east": {
                    "uv": [
                        8,
                        6.5,
                        16,
                        8
                    ],
                    "texture": "#0"
                },
                "south": {
                    "uv": [
                        8,
                        3.5,
                        16,
                        5
                    ],
                    "texture": "#0"
                },
                "west": {
                    "uv": [
                        8,
                        2,
                        16,
                        3.5
                    ],
                    "texture": "#0"
                },
                "up": {
                    "uv": [
                        8,
                        0,
                        16,
                        8
                    ],
                    "texture": "#0"
                },
                "down": {
                    "uv": [
                        8,
                        0,
                        16,
                        8
                    ],
                    "texture": "#0"
                }
            }
        },
        {
            "from": [
                1,
                0,
                1
            ],
            "to": [
                2,
                14,
                14
            ],
            "faces": {
                "north": {
                    "uv": [
                        0,
                        1,
                        0.5,
                        8
                    ],
                    "texture": "#0"
                },
                "east": {
                    "uv": [
                        0,
                        1,
                        6.5,
                        8
                    ],
                    "texture": "#0"
                },
                "south": {
                    "uv": [
                        0,
                        1,
                        0.5,
                        8
                    ],
                    "texture": "#0"
                },
                "west": {
                    "uv": [
                        0,
                        1,
                        6.5,
                        8
                    ],
                    "texture": "#0"
                },
                "up": {
                    "uv": [
                        0,
                        0,
                        8,
                        0.5
                    ],
                    "rotation": 270,
                    "texture": "#0"
                },
                "down": {
                    "uv": [
                        0,
                        7.5,
                        8,
                        8
                    ],
                    "rotation": 90,
                    "texture": "#0"
                }
            }
        },
        {
            "from": [
                1,
                0,
                14
            ],
            "to": [
                15,
                14,
                15
            ],
            "faces": {
                "north": {
                    "uv": [
                        0,
                        1,
                        8,
                        8
                    ],
                    "texture": "#0"
                },
                "east": {
                    "uv": [
                        0,
                        1,
                        0.5,
                        8
                    ],
                    "texture": "#0"
                },
                "south": {
                    "uv": [
                        0,
                        1,
                        8,
                        8
                    ],
                    "texture": "#0"
                },
                "west": {
                    "uv": [
                        0,
                        1,
                        0.5,
                        8
                    ],
                    "texture": "#0"
                },
                "up": {
                    "uv": [
                        0,
                        0,
                        8,
                        0.5
                    ],
                    "rotation": 180,
                    "texture": "#0"
                },
                "down": {
                    "uv": [
                        0,
                        7.5,
                        8,
                        8
                    ],
                    "rotation": 180,
                    "texture": "#0"
                }
            }
        },
        {
            "from": [
                2,
                9,
                2
            ],
            "to": [
                14,
                10,
                14
            ],
            "faces": {
                "north": {
                    "uv": [
                        0,
                        7.5,
                        8,
                        8
                    ],
                    "texture": "#0"
                },
                "east": {
                    "uv": [
                        0,
                        1,
                        0.5,
                        8
                    ],
                    "rotation": 270,
                    "texture": "#0"
                },
                "south": {
                    "uv": [
                        0,
                        0,
                        8,
                        0.5
                    ],
                    "rotation": 180,
                    "texture": "#0"
                },
                "west": {
                    "uv": [
                        0,
                        1,
                        0.5,
                        8
                    ],
                    "rotation": 90,
                    "texture": "#0"
                },
                "up": {
                    "uv": [
                        0,
                        1,
                        8,
                        8
                    ],
                    "rotation": 180,
                    "texture": "#0"
                },
                "down": {
                    "uv": [
                        0,
                        1,
                        8,
                        8
                    ],
                    "texture": "#0"
                }
            }
        },
        {
            "from": [
                14,
                0,
                1
            ],
            "to": [
                15,
                14,
                14
            ],
            "faces": {
                "north": {
                    "uv": [
                        0,
                        1,
                        0.5,
                        8
                    ],
                    "texture": "#0"
                },
                "east": {
                    "uv": [
                        0,
                        1,
                        6.5,
                        8
                    ],
                    "texture": "#0"
                },
                "south": {
                    "uv": [
                        0,
                        1,
                        0.5,
                        8
                    ],
                    "texture": "#0"
                },
                "west": {
                    "uv": [
                        0,
                        1,
                        6.5,
                        8
                    ],
                    "texture": "#0"
                },
                "up": {
                    "uv": [
                        0,
                        0,
                        8,
                        0.5
                    ],
                    "rotation": 270,
                    "texture": "#0"
                },
                "down": {
                    "uv": [
                        0,
                        7.5,
                        8,
                        8
                    ],
                    "rotation": 90,
                    "texture": "#0"
                }
            }
        }
    ],
    "display": {
        "thirdperson_righthand": {
            "scale": [
                0.2,
                0.2,
                0.2
            ]
        },
        "thirdperson_lefthand": {
            "scale": [
                0.2,
                0.2,
                0.2
            ]
        },
        "firstperson_righthand": {
            "scale": [
                0.3,
                0.3,
                0.3
            ]
        },
        "firstperson_lefthand": {
            "scale": [
                0.3,
                0.3,
                0.3
            ]
        },
        "ground": {
            "scale": [
                0.3,
                0.3,
                0.3
            ]
        },
        "gui": {
            "rotation": [
                30,
                150,
                0
            ],
            "translation": [
                0,
                -0.5,
                0
            ],
            "scale": [
                0.5,
                0.5,
                0.5
            ]
        },
        "fixed": {
            "rotation": [
                -90,
                0,
                0
            ],
            "translation": [
                0,
                0,
                18
            ],
            "scale": [
                2,
                2,
                2
            ]
        }
    }
}