{"providers":[{"file":"char/black.png","chars":[""],"height":1,"ascent":-5000,"type":"bitmap"},{"file":"char/black.png","chars":[""],"height":2,"ascent":-5000,"type":"bitmap"},{"file":"char/black.png","chars":[""],"height":3,"ascent":-5000,"type":"bitmap"},{"file":"char/black.png","chars":[""],"height":4,"ascent":-5000,"type":"bitmap"},{"file":"char/black.png","chars":[""],"height":5,"ascent":-5000,"type":"bitmap"},{"file":"char/black.png","chars":[""],"height":6,"ascent":-5000,"type":"bitmap"},{"file":"char/black.png","chars":[""],"height":7,"ascent":-5000,"type":"bitmap"},{"file":"char/black.png","chars":[""],"height":15,"ascent":-5000,"type":"bitmap"},{"file":"char/black.png","chars":[""],"height":31,"ascent":-5000,"type":"bitmap"},{"file":"char/black.png","chars":[""],"height":63,"ascent":-5000,"type":"bitmap"},{"file":"char/black.png","chars":[""],"height":127,"ascent":-5000,"type":"bitmap"},{"file":"char/black.png","chars":[""],"height":256,"ascent":-5000,"type":"bitmap"},{"file":"char/black.png","chars":[""],"height":512,"ascent":-5000,"type":"bitmap"},{"file":"char/black.png","chars":[""],"height":1024,"ascent":-5000,"type":"bitmap"},{"file":"char/black.png","chars":[""],"height":-3,"ascent":-5000,"type":"bitmap"},{"file":"char/black.png","chars":[""],"height":-4,"ascent":-5000,"type":"bitmap"},{"file":"char/black.png","chars":[""],"height":-5,"ascent":-5000,"type":"bitmap"},{"file":"char/black.png","chars":[""],"height":-6,"ascent":-5000,"type":"bitmap"},{"file":"char/black.png","chars":[""],"height":-7,"ascent":-5000,"type":"bitmap"},{"file":"char/black.png","chars":[""],"height":-8,"ascent":-5000,"type":"bitmap"},{"file":"char/black.png","chars":[""],"height":-9,"ascent":-5000,"type":"bitmap"},{"file":"char/black.png","chars":[""],"height":-10,"ascent":-5000,"type":"bitmap"},{"file":"char/black.png","chars":[""],"height":-18,"ascent":-5000,"type":"bitmap"},{"file":"char/black.png","chars":[""],"height":-34,"ascent":-5000,"type":"bitmap"},{"file":"char/black.png","chars":[""],"height":-66,"ascent":-5000,"type":"bitmap"},{"file":"char/black.png","chars":[""],"height":-130,"ascent":-5000,"type":"bitmap"},{"file":"char/black.png","chars":[""],"height":-259,"ascent":-5000,"type":"bitmap"},{"file":"char/black.png","chars":[""],"height":-515,"ascent":-5000,"type":"bitmap"},{"file":"char/black.png","chars":[""],"height":-1027,"ascent":-5000,"type":"bitmap"},{"file":"_iainternal:gui/no_recipe.png","chars":[""],"height":170,"ascent":47,"type":"bitmap"},{"file":"_iainternal:gui/crafting.png","chars":[""],"height":170,"ascent":47,"type":"bitmap"},{"file":"_iainternal:gui/cooking.png","chars":[""],"height":170,"ascent":47,"type":"bitmap"},{"file":"_iainternal:gui/blank_menu.png","chars":[""],"height":170,"ascent":47,"type":"bitmap"},{"file":"_iainternal:gui/anvil_repair.png","chars":[""],"height":170,"ascent":47,"type":"bitmap"},{"file":"_iainternal:gui/smithing.png","chars":[""],"height":170,"ascent":47,"type":"bitmap"},{"file":"gps:gpsfl.png","chars":[""],"height":16,"ascent":16,"type":"bitmap"},{"file":"gps:gpsbl.png","chars":[""],"height":16,"ascent":16,"type":"bitmap"},{"file":"gps:gpsbr.png","chars":[""],"height":16,"ascent":16,"type":"bitmap"},{"file":"gps:gpsfr.png","chars":[""],"height":16,"ascent":16,"type":"bitmap"},{"file":"gps:gpsl.png","chars":[""],"height":16,"ascent":16,"type":"bitmap"},{"file":"gps:gpsb.png","chars":[""],"height":16,"ascent":16,"type":"bitmap"},{"file":"gps:gpsr.png","chars":[""],"height":16,"ascent":16,"type":"bitmap"},{"file":"gps:gpsf.png","chars":[""],"height":16,"ascent":16,"type":"bitmap"},{"file":"mmoitems_pack:hyronic_pack/tooltip/tooltip_middle.png","chars":["뀁"],"height":10,"ascent":8,"type":"bitmap"},{"file":"mmoitems_pack:hyronic_pack/tooltip/tooltip_buffs.png","chars":["뀓"],"height":10,"ascent":8,"type":"bitmap"},{"file":"mmoitems_pack:hyronic_pack/tooltip/tooltip_craft.png","chars":["뀔"],"height":21,"ascent":16,"type":"bitmap"},{"file":"mmoitems_pack:hyronic_pack/tooltip/tooltip_normal.png","chars":["뀕"],"height":21,"ascent":16,"type":"bitmap"},{"file":"mmoitems_pack:hyronic_pack/tooltip/godlike/tooltip_top.png","chars":["뀐"],"height":23,"ascent":19,"type":"bitmap"},{"file":"mmoitems_pack:hyronic_pack/tooltip/godlike/tooltip_bottom.png","chars":["뀑"],"height":21,"ascent":14,"type":"bitmap"},{"file":"mmoitems_pack:hyronic_pack/tooltip/godlike/tooltip_ability.png","chars":["뀒"],"height":10,"ascent":8,"type":"bitmap"},{"file":"mmoitems_pack:hyronic_pack/tooltip/mythic/tooltip_top.png","chars":["뀀"],"height":23,"ascent":19,"type":"bitmap"},{"file":"mmoitems_pack:hyronic_pack/tooltip/mythic/tooltip_bottom.png","chars":["뀂"],"height":21,"ascent":14,"type":"bitmap"},{"file":"mmoitems_pack:hyronic_pack/tooltip/mythic/tooltip_ability.png","chars":["뀃"],"height":10,"ascent":8,"type":"bitmap"},{"file":"mmoitems_pack:hyronic_pack/tooltip/legendary/tooltip_top.png","chars":["뀄"],"height":23,"ascent":19,"type":"bitmap"},{"file":"mmoitems_pack:hyronic_pack/tooltip/legendary/tooltip_bottom.png","chars":["뀅"],"height":21,"ascent":14,"type":"bitmap"},{"file":"mmoitems_pack:hyronic_pack/tooltip/legendary/tooltip_ability.png","chars":["뀆"],"height":10,"ascent":8,"type":"bitmap"},{"file":"mmoitems_pack:hyronic_pack/tooltip/epic/tooltip_top.png","chars":["뀇"],"height":23,"ascent":19,"type":"bitmap"},{"file":"mmoitems_pack:hyronic_pack/tooltip/epic/tooltip_bottom.png","chars":["뀈"],"height":21,"ascent":14,"type":"bitmap"},{"file":"mmoitems_pack:hyronic_pack/tooltip/epic/tooltip_ability.png","chars":["뀉"],"height":10,"ascent":8,"type":"bitmap"},{"file":"mmoitems_pack:hyronic_pack/tooltip/rare/tooltip_top.png","chars":["뀊"],"height":23,"ascent":19,"type":"bitmap"},{"file":"mmoitems_pack:hyronic_pack/tooltip/rare/tooltip_bottom.png","chars":["뀋"],"height":21,"ascent":14,"type":"bitmap"},{"file":"mmoitems_pack:hyronic_pack/tooltip/rare/tooltip_ability.png","chars":["뀌"],"height":10,"ascent":8,"type":"bitmap"},{"file":"mmoitems_pack:hyronic_pack/tooltip/common/tooltip_top.png","chars":["뀍"],"height":23,"ascent":19,"type":"bitmap"},{"file":"mmoitems_pack:hyronic_pack/tooltip/common/tooltip_bottom.png","chars":["뀎"],"height":21,"ascent":14,"type":"bitmap"},{"file":"mmoitems_pack:hyronic_pack/tooltip/common/tooltip_ability.png","chars":["ꑽ"],"height":10,"ascent":8,"type":"bitmap"},{"file":"mmoitems_pack:hyronic_pack/abilities/doomslayer.png","chars":["ｦ"],"height":12,"ascent":9,"type":"bitmap"},{"file":"mmoitems_pack:hyronic_pack/abilities/tradeoff.png","chars":["ｧ"],"height":12,"ascent":9,"type":"bitmap"},{"file":"mmoitems_pack:hyronic_pack/abilities/reposition.png","chars":["ｨ"],"height":12,"ascent":9,"type":"bitmap"},{"file":"mmoitems_pack:hyronic_pack/abilities/frail_hex.png","chars":["ｩ"],"height":12,"ascent":9,"type":"bitmap"},{"file":"mmoitems_pack:hyronic_pack/abilities/warden_blessing.png","chars":["ｪ"],"height":12,"ascent":9,"type":"bitmap"},{"file":"mmoitems_pack:hyronic_pack/abilities/firelord.png","chars":["ｫ"],"height":12,"ascent":9,"type":"bitmap"},{"file":"mmoitems_pack:hyronic_pack/abilities/mystic_burst.png","chars":["ロ"],"height":12,"ascent":9,"type":"bitmap"},{"file":"mmoitems_pack:hyronic_pack/abilities/banish.png","chars":["ｭ"],"height":12,"ascent":9,"type":"bitmap"},{"file":"mmoitems_pack:hyronic_pack/abilities/living_flames.png","chars":["ｮ"],"height":12,"ascent":9,"type":"bitmap"},{"file":"mmoitems_pack:hyronic_pack/abilities/evade.png","chars":["ｯ"],"height":12,"ascent":9,"type":"bitmap"},{"file":"mmoitems_pack:hyronic_pack/abilities/focus.png","chars":["ｰ"],"height":12,"ascent":9,"type":"bitmap"},{"file":"mmoitems_pack:hyronic_pack/abilities/necromancy.png","chars":["ｱ"],"height":12,"ascent":9,"type":"bitmap"},{"file":"mmoitems_pack:hyronic_pack/abilities/deep_wound.png","chars":["ヅ"],"height":12,"ascent":9,"type":"bitmap"},{"file":"mmoitems_pack:hyronic_pack/abilities/cosmic_ally.png","chars":["テ"],"height":12,"ascent":9,"type":"bitmap"},{"file":"mmoitems_pack:hyronic_pack/abilities/ice_spikes.png","chars":["ぁ"],"height":12,"ascent":9,"type":"bitmap"},{"file":"mmoitems_pack:hyronic_pack/abilities/frosty_trusty.png","chars":["ト"],"height":12,"ascent":9,"type":"bitmap"},{"file":"mmoitems_pack:hyronic_pack/abilities/doppelganger.png","chars":["デ"],"height":12,"ascent":9,"type":"bitmap"},{"file":"mmoitems_pack:hyronic_pack/abilities/adaptive.png","chars":["ヱ"],"height":12,"ascent":9,"type":"bitmap"},{"file":"mmoitems_pack:hyronic_pack/abilities/calamitous_ray.png","chars":["ヰ"],"height":12,"ascent":9,"type":"bitmap"},{"file":"mmoitems_pack:hyronic_pack/abilities/retribution.png","chars":["レ"],"height":12,"ascent":9,"type":"bitmap"},{"file":"mmoitems_pack:hyronic_pack/abilities/voidborne.png","chars":["ポ"],"height":12,"ascent":9,"type":"bitmap"},{"file":"mmoitems_pack:hyronic_pack/abilities/ritual_of_the_end.png","chars":["ヷ"],"height":12,"ascent":9,"type":"bitmap"},{"file":"mmoitems_pack:hyronic_pack/abilities/matching_attires.png","chars":["ヸ"],"height":10,"ascent":9,"type":"bitmap"},{"file":"mmoitems_pack:hyronic_pack/abilities/radiation.png","chars":["ヹ"],"height":10,"ascent":9,"type":"bitmap"},{"file":"mmoitems_pack:hyronic_pack/abilities/toxic_fumes.png","chars":["ఖ"],"height":10,"ascent":9,"type":"bitmap"},{"file":"mmoitems_pack:hyronic_pack/abilities/bloodthirst.png","chars":["వ"],"height":10,"ascent":9,"type":"bitmap"},{"file":"mmoitems_pack:hyronic_pack/abilities/celestial_aid.png","chars":["శ"],"height":10,"ascent":9,"type":"bitmap"},{"file":"mmoitems_pack:hyronic_pack/abilities/chance_dictator.png","chars":["ష"],"height":10,"ascent":9,"type":"bitmap"},{"file":"mmoitems_pack:hyronic_pack/abilities/cobra_curse.png","chars":["స"],"height":10,"ascent":9,"type":"bitmap"},{"file":"mmoitems_pack:hyronic_pack/abilities/essence_theft.png","chars":["హ"],"height":10,"ascent":9,"type":"bitmap"},{"file":"mmoitems_pack:hyronic_pack/abilities/grasp.png","chars":["఺"],"height":10,"ascent":9,"type":"bitmap"},{"file":"mmoitems_pack:hyronic_pack/abilities/starborne_conversion.png","chars":["఻"],"height":10,"ascent":9,"type":"bitmap"},{"file":"mmoitems_pack:hyronic_pack/abilities/ice_reaper.png","chars":["ఽ"],"height":10,"ascent":9,"type":"bitmap"},{"file":"mmoitems_pack:hyronic_pack/abilities/frosty_fury.png","chars":["ꐑ"],"height":10,"ascent":9,"type":"bitmap"},{"file":"mmoitems_pack:hyronic_pack/abilities/stardust.png","chars":["ꐲ"],"height":10,"ascent":9,"type":"bitmap"},{"file":"mmoitems_pack:hyronic_pack/abilities/tread.png","chars":["ా"],"height":10,"ascent":9,"type":"bitmap"},{"file":"mmoitems_pack:hyronic_pack/abilities/undead_slayer.png","chars":["ి"],"height":10,"ascent":9,"type":"bitmap"},{"file":"mmoitems_pack:hyronic_pack/abilities/slash.png","chars":["ీ"],"height":10,"ascent":9,"type":"bitmap"},{"file":"mmoitems_pack:hyronic_pack/abilities/smash.png","chars":["ు"],"height":10,"ascent":9,"type":"bitmap"},{"file":"mmoitems_pack:hyronic_pack/abilities/blood_for_blood.png","chars":["ూ"],"height":10,"ascent":9,"type":"bitmap"},{"file":"mmoitems_pack:hyronic_pack/abilities/intimidate.png","chars":["ౄ"],"height":10,"ascent":9,"type":"bitmap"},{"file":"mmoitems_pack:hyronic_pack/abilities/death_mark.png","chars":["౅"],"height":10,"ascent":9,"type":"bitmap"},{"file":"mmoitems_pack:hyronic_pack/abilities/execute.png","chars":["ె"],"height":10,"ascent":9,"type":"bitmap"},{"file":"mmoitems_pack:hyronic_pack/abilities/sudden_strike.png","chars":["ే"],"height":10,"ascent":9,"type":"bitmap"},{"file":"mmoitems_pack:hyronic_pack/abilities/muscle_memory.png","chars":["ై"],"height":10,"ascent":9,"type":"bitmap"},{"file":"mmoitems_pack:hyronic_pack/abilities/respite.png","chars":["౉"],"height":10,"ascent":9,"type":"bitmap"},{"file":"mmoitems_pack:hyronic_pack/abilities/frozen_tomb.png","chars":["ొ"],"height":10,"ascent":9,"type":"bitmap"},{"file":"mmoitems_pack:hyronic_pack/abilities/all_for_us.png","chars":["ో"],"height":10,"ascent":9,"type":"bitmap"},{"file":"mmoitems_pack:hyronic_pack/abilities/leap_of_faith.png","chars":["ౌ"],"height":10,"ascent":9,"type":"bitmap"},{"file":"mmoitems_pack:hyronic_pack/abilities/hemmorhage.png","chars":["్"],"height":10,"ascent":9,"type":"bitmap"},{"file":"mmoitems_pack:hyronic_pack/abilities/justice_served.png","chars":["౎"],"height":10,"ascent":9,"type":"bitmap"},{"file":"mmoitems_pack:hyronic_pack/abilities/nurture.png","chars":["౏"],"height":10,"ascent":9,"type":"bitmap"},{"file":"mmoitems_pack:hyronic_pack/abilities/nature_force.png","chars":["౐"],"height":10,"ascent":9,"type":"bitmap"},{"file":"mmoitems_pack:hyronic_pack/abilities/backstab.png","chars":["౑"],"height":10,"ascent":9,"type":"bitmap"},{"file":"mmoitems_pack:hyronic_pack/abilities/greed.png","chars":["౒"],"height":10,"ascent":9,"type":"bitmap"},{"file":"mmoitems_pack:hyronic_pack/abilities/divine_intervention.png","chars":["౓"],"height":10,"ascent":9,"type":"bitmap"},{"file":"mmoitems_pack:hyronic_pack/abilities/berserk.png","chars":["౔"],"height":10,"ascent":9,"type":"bitmap"},{"file":"mmoitems_pack:hyronic_pack/abilities/lord_of_the_night.png","chars":["ౕ"],"height":10,"ascent":9,"type":"bitmap"},{"file":"mmoitems_pack:hyronic_pack/abilities/blazing.png","chars":["ౖ"],"height":10,"ascent":9,"type":"bitmap"},{"file":"mmoitems_pack:hyronic_pack/abilities/howl.png","chars":["౗"],"height":10,"ascent":9,"type":"bitmap"},{"file":"mmoitems_pack:hyronic_pack/abilities/frostburn.png","chars":["ౘ"],"height":10,"ascent":9,"type":"bitmap"},{"file":"mmoitems_pack:hyronic_pack/abilities/arcanic_adapt.png","chars":["ౙ"],"height":10,"ascent":9,"type":"bitmap"},{"file":"mmoitems_pack:hyronic_pack/abilities/soul_harvester.png","chars":["ౚ"],"height":10,"ascent":9,"type":"bitmap"},{"file":"mmoitems_pack:hyronic_pack/abilities/dark_spikes.png","chars":["丠"],"height":10,"ascent":9,"type":"bitmap"},{"file":"mmoitems_pack:hyronic_pack/abilities/spacetime_rift.png","chars":["両"],"height":10,"ascent":9,"type":"bitmap"},{"file":"mmoitems_pack:hyronic_pack/abilities/heavenbane.png","chars":["丢"],"height":10,"ascent":9,"type":"bitmap"},{"file":"mmoitems_pack:hyronic_pack/abilities/void_zapper.png","chars":["丣"],"height":10,"ascent":9,"type":"bitmap"},{"file":"mmoitems_pack:hyronic_pack/abilities/unstable_sphere.png","chars":["两"],"height":10,"ascent":9,"type":"bitmap"},{"file":"mmoitems_pack:hyronic_pack/abilities/bloodburst.png","chars":["严"],"height":10,"ascent":9,"type":"bitmap"},{"file":"mmoitems_pack:hyronic_pack/abilities/skyfall.png","chars":["並"],"height":10,"ascent":9,"type":"bitmap"},{"file":"mmoitems_pack:hyronic_pack/abilities/theskydescends.png","chars":["丧"],"height":10,"ascent":9,"type":"bitmap"},{"file":"mmoitems_pack:hyronic_pack/abilities/hunter_mark.png","chars":["丨"],"height":10,"ascent":9,"type":"bitmap"},{"file":"mmoitems_pack:hyronic_pack/abilities/predator_mark.png","chars":["丩"],"height":10,"ascent":9,"type":"bitmap"},{"file":"mmoitems_pack:hyronic_pack/abilities/starfire_burst.png","chars":["丫"],"height":10,"ascent":9,"type":"bitmap"},{"file":"mmoitems_pack:hyronic_pack/abilities/sight_of_the_sniper.png","chars":["丬"],"height":10,"ascent":9,"type":"bitmap"},{"file":"mmoitems_pack:hyronic_pack/abilities/hexified.png","chars":["中"],"height":10,"ascent":9,"type":"bitmap"},{"file":"mmoitems_pack:hyronic_pack/abilities/wirlwind.png","chars":["丮"],"height":10,"ascent":9,"type":"bitmap"},{"file":"mmoitems_pack:hyronic_pack/abilities/ultimatum.png","chars":["丯"],"height":10,"ascent":9,"type":"bitmap"},{"file":"mmoitems_pack:hyronic_pack/abilities/simultaneous.png","chars":["丰"],"height":10,"ascent":9,"type":"bitmap"},{"file":"mmoitems_pack:hyronic_pack/abilities/wither_slayer.png","chars":["丱"],"height":10,"ascent":9,"type":"bitmap"},{"file":"mmoitems_pack:hyronic_pack/abilities/stellar_strike.png","chars":["串"],"height":10,"ascent":9,"type":"bitmap"},{"file":"mmoitems_pack:hyronic_pack/abilities/close_call.png","chars":["丳"],"height":10,"ascent":9,"type":"bitmap"},{"file":"mmoitems_pack:hyronic_pack/abilities/dark_matter.png","chars":["临"],"height":10,"ascent":9,"type":"bitmap"},{"file":"mmoitems_pack:hyronic_pack/abilities/dark_ritual.png","chars":["丵"],"height":10,"ascent":9,"type":"bitmap"},{"file":"ranks_prefix:bronze.png","chars":[""],"height":9,"ascent":8,"type":"bitmap"},{"file":"ranks_prefix:bronze_textured.png","chars":[""],"height":9,"ascent":8,"type":"bitmap"},{"file":"ranks_prefix:silver.png","chars":[""],"height":9,"ascent":8,"type":"bitmap"},{"file":"ranks_prefix:silver_textured.png","chars":[""],"height":9,"ascent":8,"type":"bitmap"},{"file":"ranks_prefix:gold.png","chars":[""],"height":9,"ascent":8,"type":"bitmap"},{"file":"ranks_prefix:gold_textured.png","chars":[""],"height":9,"ascent":8,"type":"bitmap"},{"file":"ranks_prefix:platinum.png","chars":[""],"height":9,"ascent":8,"type":"bitmap"},{"file":"ranks_prefix:platinum_textured.png","chars":[""],"height":9,"ascent":8,"type":"bitmap"},{"file":"ranks_prefix:media.png","chars":[""],"height":9,"ascent":8,"type":"bitmap"},{"file":"mmoitems_pack:hyronic_pack/font_icons/stats/attack_damage.png","chars":["ᎈ"],"height":8,"ascent":7,"type":"bitmap"},{"file":"mmoitems_pack:hyronic_pack/font_icons/stats/ability_haste.png","chars":["ᎉ"],"height":8,"ascent":7,"type":"bitmap"},{"file":"mmoitems_pack:hyronic_pack/font_icons/stats/attack_speed.png","chars":["ᎊ"],"height":8,"ascent":7,"type":"bitmap"},{"file":"mmoitems_pack:hyronic_pack/font_icons/stats/crit_chance.png","chars":["ᎋ"],"height":8,"ascent":7,"type":"bitmap"},{"file":"mmoitems_pack:hyronic_pack/font_icons/stats/crit_damage.png","chars":["ᎌ"],"height":8,"ascent":7,"type":"bitmap"},{"file":"mmoitems_pack:hyronic_pack/font_icons/stats/damage_reduction.png","chars":["ᎍ"],"height":8,"ascent":7,"type":"bitmap"},{"file":"mmoitems_pack:hyronic_pack/font_icons/stats/defense.png","chars":["ᎎ"],"height":8,"ascent":7,"type":"bitmap"},{"file":"mmoitems_pack:hyronic_pack/font_icons/stats/health.png","chars":["ᎏ"],"height":8,"ascent":7,"type":"bitmap"},{"file":"mmoitems_pack:hyronic_pack/font_icons/stats/life_steal.png","chars":["᎐"],"height":8,"ascent":7,"type":"bitmap"},{"file":"mmoitems_pack:hyronic_pack/font_icons/stats/movement_speed.png","chars":["᎒"],"height":8,"ascent":7,"type":"bitmap"},{"file":"mmoitems_pack:hyronic_pack/font_icons/stats/physical_damage.png","chars":["᎓"],"height":8,"ascent":7,"type":"bitmap"},{"file":"mmoitems_pack:hyronic_pack/font_icons/stats/projectile_damage.png","chars":["᎔"],"height":8,"ascent":7,"type":"bitmap"},{"file":"mmoitems_pack:hyronic_pack/font_icons/stats/skill_damage.png","chars":["᎕"],"height":8,"ascent":7,"type":"bitmap"},{"file":"mmoitems_pack:hyronic_pack/font_icons/stats/spell_vamp.png","chars":["᎖"],"height":8,"ascent":7,"type":"bitmap"},{"file":"mmoitems_pack:hyronic_pack/font_icons/stats/tenacity.png","chars":["᎗"],"height":8,"ascent":7,"type":"bitmap"},{"file":"mmoitems_pack:hyronic_pack/font_icons/stats/rune.png","chars":["᎟"],"height":8,"ascent":7,"type":"bitmap"},{"file":"mmoitems_pack:hyronic_pack/font_icons/lore/left-click.png","chars":["᎘"],"height":7,"ascent":7,"type":"bitmap"},{"file":"mmoitems_pack:hyronic_pack/font_icons/lore/right-click.png","chars":["᎙"],"height":7,"ascent":7,"type":"bitmap"},{"file":"mmoitems_pack:hyronic_pack/font_icons/lore/shift.png","chars":["᎚"],"height":9,"ascent":7,"type":"bitmap"},{"file":"mmoitems_pack:hyronic_pack/font_icons/stats/arrow_velocity.png","chars":["Ꭰ"],"height":8,"ascent":7,"type":"bitmap"},{"file":"mmoitems_pack:hyronic_pack/font_icons/stats/block.png","chars":["Ꭱ"],"height":8,"ascent":7,"type":"bitmap"},{"file":"mmoitems_pack:hyronic_pack/font_icons/stats/dodge.png","chars":["Ꭲ"],"height":8,"ascent":7,"type":"bitmap"},{"file":"mmoitems_pack:hyronic_pack/font_icons/stats/food.png","chars":["Ꭳ"],"height":8,"ascent":7,"type":"bitmap"},{"file":"mmoitems_pack:hyronic_pack/font_icons/stats/mana.png","chars":["Ꭴ"],"height":8,"ascent":7,"type":"bitmap"},{"file":"mmoitems_pack:hyronic_pack/font_icons/stats/mob_damage.png","chars":["Ꭵ"],"height":8,"ascent":7,"type":"bitmap"},{"file":"mmoitems_pack:hyronic_pack/font_icons/stats/parry.png","chars":["Ꭶ"],"height":8,"ascent":7,"type":"bitmap"},{"file":"mmoitems_pack:hyronic_pack/font_icons/stats/potion_cooldown.png","chars":["Ꭷ"],"height":8,"ascent":7,"type":"bitmap"},{"file":"mmoitems_pack:hyronic_pack/font_icons/stats/potion_use.png","chars":["Ꭸ"],"height":8,"ascent":7,"type":"bitmap"},{"file":"mmoitems_pack:hyronic_pack/font_icons/stats/pvp_damage.png","chars":["Ꭹ"],"height":8,"ascent":7,"type":"bitmap"},{"file":"mmoitems_pack:hyronic_pack/font_icons/stats/range.png","chars":["Ꭺ"],"height":8,"ascent":7,"type":"bitmap"},{"file":"mmoitems_pack:hyronic_pack/font_icons/stats/skill_crit_damage.png","chars":["Ꭻ"],"height":8,"ascent":7,"type":"bitmap"},{"file":"mmoitems_pack:hyronic_pack/font_icons/stats/skill_crit_chance.png","chars":["Ꭼ"],"height":8,"ascent":7,"type":"bitmap"},{"file":"mmoitems_pack:hyronic_pack/status_effects/invulnerability.png","chars":["᎛"],"height":9,"ascent":7,"type":"bitmap"},{"file":"mmoitems_pack:hyronic_pack/status_effects/stun.png","chars":["᎜"],"height":9,"ascent":7,"type":"bitmap"},{"file":"mmoitems_pack:hyronic_pack/font_icons/system/success.png","chars":["楸"],"height":7,"ascent":7,"type":"bitmap"},{"file":"mmoitems_pack:hyronic_pack/font_icons/system/fail.png","chars":["楹"],"height":7,"ascent":7,"type":"bitmap"},{"file":"mmoitems_pack:hyronic_pack/gui/the_forge.png","chars":["楻"],"height":256,"ascent":19,"type":"bitmap"},{"file":"ae:enchanter.png","chars":[""],"height":256,"ascent":19,"type":"bitmap"},{"file":"ae:enchantment_wiki.png","chars":[""],"height":256,"ascent":19,"type":"bitmap"},{"file":"ae:alchemist.png","chars":[""],"height":256,"ascent":19,"type":"bitmap"},{"file":"ae:tinkerer.png","chars":[""],"height":256,"ascent":19,"type":"bitmap"},{"file":"ae:shop.png","chars":[""],"height":256,"ascent":19,"type":"bitmap"},{"file":"ae:confirm.png","chars":[""],"height":256,"ascent":19,"type":"bitmap"},{"file":"ae:null.png","chars":[""],"height":-10,"ascent":-32768,"type":"bitmap"},{"file":"ae:labels/simple.png","chars":[""],"height":14,"ascent":8,"type":"bitmap"},{"file":"ae:labels/unique.png","chars":[""],"height":14,"ascent":8,"type":"bitmap"},{"file":"ae:labels/elite.png","chars":[""],"height":14,"ascent":8,"type":"bitmap"},{"file":"ae:labels/ultimate.png","chars":[""],"height":14,"ascent":8,"type":"bitmap"},{"file":"ae:labels/legendary.png","chars":[""],"height":14,"ascent":8,"type":"bitmap"},{"file":"ae:labels/mystery.png","chars":[""],"height":14,"ascent":8,"type":"bitmap"},{"file":"ae:exp.png","chars":[""],"height":10,"ascent":9,"type":"bitmap"},{"file":"ae:soul.png","chars":[""],"height":12,"ascent":10,"type":"bitmap"},{"file":"ae:types/sword.png","chars":[""],"height":11,"ascent":8,"type":"bitmap"},{"file":"ae:types/crossbow.png","chars":[""],"height":11,"ascent":8,"type":"bitmap"},{"file":"ae:types/shovel.png","chars":[""],"height":11,"ascent":8,"type":"bitmap"},{"file":"ae:types/axe.png","chars":[""],"height":11,"ascent":8,"type":"bitmap"},{"file":"ae:types/leggings.png","chars":[""],"height":11,"ascent":8,"type":"bitmap"},{"file":"ae:types/elytra.png","chars":[""],"height":11,"ascent":8,"type":"bitmap"},{"file":"ae:types/hoe.png","chars":[""],"height":11,"ascent":8,"type":"bitmap"},{"file":"ae:types/shield.png","chars":[""],"height":11,"ascent":8,"type":"bitmap"},{"file":"ae:types/pickaxe.png","chars":[""],"height":11,"ascent":8,"type":"bitmap"},{"file":"ae:types/bow.png","chars":[""],"height":11,"ascent":8,"type":"bitmap"},{"file":"ae:types/helmet.png","chars":[""],"height":11,"ascent":8,"type":"bitmap"},{"file":"ae:types/boots.png","chars":[""],"height":11,"ascent":8,"type":"bitmap"},{"file":"ae:types/food.png","chars":[""],"height":11,"ascent":8,"type":"bitmap"},{"file":"ae:types/chestplate.png","chars":[""],"height":11,"ascent":8,"type":"bitmap"},{"file":"ae:types/trident.png","chars":[""],"height":11,"ascent":8,"type":"bitmap"},{"file":"ae:types/fishing_rod.png","chars":[""],"height":11,"ascent":8,"type":"bitmap"},{"file":"mmoitems_pack:required/null.png","chars":[""],"height":-1,"ascent":-32768,"type":"bitmap"},{"file":"mmoitems_pack:required/null.png","chars":[""],"height":1,"ascent":-32768,"type":"bitmap"},{"file":"mmoitems_pack:required/null.png","chars":[""],"height":2,"ascent":-32768,"type":"bitmap"},{"file":"mmoitems_pack:required/null.png","chars":[""],"height":6,"ascent":-32768,"type":"bitmap"},{"file":"mmoitems_pack:required/null.png","chars":[""],"height":14,"ascent":-32768,"type":"bitmap"},{"file":"mmoitems_pack:required/null.png","chars":[""],"height":30,"ascent":-32768,"type":"bitmap"},{"file":"mmoitems_pack:required/null.png","chars":[""],"height":62,"ascent":-32768,"type":"bitmap"},{"file":"mmoitems_pack:required/null.png","chars":[""],"height":126,"ascent":-32768,"type":"bitmap"},{"file":"mmoitems_pack:required/null.png","chars":[""],"height":254,"ascent":-32768,"type":"bitmap"},{"file":"mmoitems_pack:required/null.png","chars":[""],"height":510,"ascent":-32768,"type":"bitmap"},{"file":"mmoitems_pack:required/null.png","chars":[""],"height":1022,"ascent":-32768,"type":"bitmap"},{"file":"mmoitems_pack:required/null.png","chars":[""],"height":-3,"ascent":-32768,"type":"bitmap"},{"file":"mmoitems_pack:required/null.png","chars":[""],"height":-4,"ascent":-32768,"type":"bitmap"},{"file":"mmoitems_pack:required/null.png","chars":[""],"height":-6,"ascent":-32768,"type":"bitmap"},{"file":"mmoitems_pack:required/null.png","chars":[""],"height":-10,"ascent":-32768,"type":"bitmap"},{"file":"mmoitems_pack:required/null.png","chars":[""],"height":-18,"ascent":-32768,"type":"bitmap"},{"file":"mmoitems_pack:required/null.png","chars":[""],"height":-34,"ascent":-32768,"type":"bitmap"},{"file":"mmoitems_pack:required/null.png","chars":[""],"height":-66,"ascent":-32768,"type":"bitmap"},{"file":"mmoitems_pack:required/null.png","chars":[""],"height":-130,"ascent":-32768,"type":"bitmap"},{"file":"mmoitems_pack:required/null.png","chars":[""],"height":-258,"ascent":-32768,"type":"bitmap"},{"file":"mmoitems_pack:required/null.png","chars":[""],"height":-514,"ascent":-32768,"type":"bitmap"},{"file":"mmoitems_pack:required/null.png","chars":[""],"height":-1026,"ascent":-32768,"type":"bitmap"},{"file":"staff_prefix:rank.png","chars":[""],"height":9,"ascent":8,"type":"bitmap"},{"file":"staff_prefix:owner.png","chars":[""],"height":9,"ascent":8,"type":"bitmap"},{"file":"staff_prefix:admin.png","chars":[""],"height":9,"ascent":8,"type":"bitmap"},{"file":"staff_prefix:dev.png","chars":[""],"height":9,"ascent":8,"type":"bitmap"},{"file":"staff_prefix:mod.png","chars":[""],"height":9,"ascent":8,"type":"bitmap"},{"file":"staff_prefix:jrmod.png","chars":[""],"height":9,"ascent":8,"type":"bitmap"},{"file":"staff_prefix:player.png","chars":[""],"height":9,"ascent":8,"type":"bitmap"},{"file":"staff_prefix:player_.png","chars":[""],"height":9,"ascent":8,"type":"bitmap"},{"file":"staff_prefix:trial.png","chars":[""],"height":9,"ascent":8,"type":"bitmap"},{"file":"staff_prefix:builder.png","chars":[""],"height":9,"ascent":8,"type":"bitmap"},{"file":"staff_prefix:manager.png","chars":[""],"height":9,"ascent":8,"type":"bitmap"},{"file":"staff_prefix:srmod.png","chars":[""],"height":9,"ascent":8,"type":"bitmap"},{"file":"staff_prefix:helper.png","chars":[""],"height":9,"ascent":8,"type":"bitmap"},{"file":"cinematics:custom/fade/dark.png","chars":[""],"height":256,"ascent":128,"type":"bitmap"},{"file":"guis:guis/pixel.png","chars":[""],"height":-3,"ascent":-2000,"type":"bitmap"},{"file":"guis:guis/menus/ranks.png","chars":[""],"height":135,"ascent":20,"type":"bitmap"},{"file":"guis:guis/menus/shards.png","chars":[""],"height":135,"ascent":19,"type":"bitmap"},{"file":"guis:guis/menus/trails.png","chars":[""],"height":135,"ascent":19,"type":"bitmap"},{"file":"guis:guis/menus/smelter.png","chars":[""],"height":135,"ascent":20,"type":"bitmap"},{"file":"guis:guis/menus/forge.png","chars":[""],"height":135,"ascent":20,"type":"bitmap"},{"file":"guis:guis/menus/lootboxes.png","chars":[""],"height":135,"ascent":19,"type":"bitmap"},{"file":"guis:guis/menus/battlepass.png","chars":[""],"height":135,"ascent":20,"type":"bitmap"},{"file":"guis:guis/battlepass/portal.png","chars":[""],"height":130,"ascent":16,"type":"bitmap"},{"file":"guis:guis/battlepass/rewards.png","chars":[""],"height":136,"ascent":21,"type":"bitmap"},{"file":"guis:guis/battlepass/questoverview.png","chars":[""],"height":100,"ascent":21,"type":"bitmap"},{"file":"guis:guis/battlepass/week.png","chars":[""],"height":134,"ascent":38,"type":"bitmap"},{"file":"guis:guis/battlepass/dailyquests.png","chars":[""],"height":100,"ascent":21,"type":"bitmap"},{"file":"misc:guis/shop_menu.png","chars":[""],"height":133,"ascent":19,"type":"bitmap"},{"file":"misc:guis/foods.png","chars":[""],"height":133,"ascent":19,"type":"bitmap"},{"file":"misc:guis/woods.png","chars":[""],"height":133,"ascent":19,"type":"bitmap"},{"file":"misc:guis/blocks.png","chars":[""],"height":133,"ascent":19,"type":"bitmap"},{"file":"misc:guis/dyes.png","chars":[""],"height":133,"ascent":19,"type":"bitmap"},{"file":"_iainternal:hud/small_cooldown_bar/0.png","chars":[""],"height":22,"ascent":-42,"type":"bitmap"},{"file":"_iainternal:hud/small_cooldown_bar/1.png","chars":[""],"height":22,"ascent":-42,"type":"bitmap"},{"file":"_iainternal:hud/small_cooldown_bar/2.png","chars":[""],"height":22,"ascent":-42,"type":"bitmap"},{"file":"_iainternal:hud/small_cooldown_bar/3.png","chars":[""],"height":22,"ascent":-42,"type":"bitmap"},{"file":"_iainternal:hud/small_cooldown_bar/4.png","chars":[""],"height":22,"ascent":-42,"type":"bitmap"},{"file":"_iainternal:hud/small_cooldown_bar/5.png","chars":[""],"height":22,"ascent":-42,"type":"bitmap"},{"file":"_iainternal:hud/small_cooldown_bar/6.png","chars":[""],"height":22,"ascent":-42,"type":"bitmap"},{"file":"_iainternal:hud/small_cooldown_bar/7.png","chars":[""],"height":22,"ascent":-42,"type":"bitmap"},{"file":"_iainternal:hud/small_cooldown_bar/8.png","chars":[""],"height":22,"ascent":-42,"type":"bitmap"},{"file":"_iainternal:hud/small_cooldown_bar/9.png","chars":[""],"height":22,"ascent":-42,"type":"bitmap"},{"file":"_iainternal:hud/small_cooldown_bar/10.png","chars":[""],"height":22,"ascent":-42,"type":"bitmap"},{"file":"_iainternal:hud/small_cooldown_bar/11.png","chars":[""],"height":22,"ascent":-42,"type":"bitmap"},{"file":"_iainternal:hud/small_cooldown_bar/12.png","chars":[""],"height":22,"ascent":-42,"type":"bitmap"},{"file":"_iainternal:hud/small_cooldown_bar/13.png","chars":[""],"height":22,"ascent":-42,"type":"bitmap"},{"file":"_iainternal:hud/small_cooldown_bar/14.png","chars":[""],"height":22,"ascent":-42,"type":"bitmap"},{"file":"_iainternal:hud/small_cooldown_bar/15.png","chars":[""],"height":22,"ascent":-42,"type":"bitmap"},{"file":"_iainternal:hud/small_cooldown_bar/16.png","chars":[""],"height":22,"ascent":-42,"type":"bitmap"},{"file":"_iainternal:hud/small_cooldown_bar/17.png","chars":[""],"height":22,"ascent":-42,"type":"bitmap"},{"file":"_iainternal:hud/small_cooldown_bar/18.png","chars":[""],"height":22,"ascent":-42,"type":"bitmap"},{"file":"_iainternal:hud/small_cooldown_bar/19.png","chars":[""],"height":22,"ascent":-42,"type":"bitmap"},{"file":"_iainternal:hud/small_cooldown_bar/20.png","chars":[""],"height":22,"ascent":-42,"type":"bitmap"},{"type":"bitmap","file":"icons:menu/main_menu.png","ascent":13,"height":20,"chars":["󰀀󰀁󰀂󰀃󰀄"]},{"file":"font/space_split.png","chars":["ꈂ"],"height":-3,"ascent":-32768,"type":"bitmap"},{"file":"font/1.png","chars":["섏"],"height":80,"ascent":54,"type":"bitmap"},{"file":"font/2.png","chars":["섐"],"height":80,"ascent":54,"type":"bitmap"},{"type":"bitmap","file":"icons:menu/options.png","ascent":13,"height":20,"chars":["󰀈󰀉󰀊󰀋󰀌󰀍󰀎󰀏󰀐󰀑󰀒󰀓"]},{"type":"bitmap","file":"icons:menu/skin_customization.png","ascent":13,"height":20,"chars":["󰀘󰀙󰀚󰀛󰀜󰀝󰀞󰀟󰀠󰀡󰀢"]},{"type":"bitmap","file":"icons:menu/online_options.png","ascent":13,"height":20,"chars":["󰀨󰀩"]},{"type":"bitmap","file":"icons:menu/skin_customization.png","ascent":13,"height":20,"chars":["󰀪󰀫󰀬󰀭󰀮󰀯󰀰󰀱󰀲󰀳󰀴"]},{"type":"bitmap","file":"icons:menu/music_sound_options.png","ascent":13,"height":20,"chars":["󰀺󰀻󰀼󰀽󰀾󰀿󰁀󰁁󰁂󰁃󰁄󰁅󰁆"]},{"type":"bitmap","file":"icons:menu/video_settings.png","ascent":13,"height":20,"chars":["󰁈󰁉󰁊󰁋󰁌󰁍󰁎󰁏󰁐󰁑󰁒󰁓","󰁔󰁕󰁖󰁗󰁘󰁙󰁚󰁛󰁜󰁝󰁞󰁟","󰁠󰁡\u0000\u0000\u0000\u0000\u0000\u0000\u0000\u0000\u0000\u0000"]},{"type":"bitmap","file":"icons:menu/controls.png","ascent":13,"height":20,"chars":["󰁰󰁱"]},{"type":"bitmap","file":"icons:menu/key_binds.png","ascent":13,"height":20,"chars":["󰁲󰁳󰁴󰁵󰁶󰁷󰁸"]},{"type":"bitmap","file":"icons:menu/chat_settings.png","ascent":13,"height":20,"chars":["󰁹󰁺󰁻󰁼󰁽󰁾󰁿"]},{"type":"bitmap","file":"icons:menu/resource_packs.png","ascent":13,"height":20,"chars":["󰂀󰂁󰂂"]},{"type":"bitmap","file":"icons:menu/on_off.png","ascent":13,"height":20,"chars":["󰀣󰀤"]},{"type":"bitmap","file":"icons:menu/accessibility_settings.png","ascent":13,"height":20,"chars":["󰀵󰀶󰀷󰀸󰀹"]},{"type":"bitmap","file":"icons:menu/escape_menu.png","ascent":13,"height":20,"chars":["󰂃󰂄󰂅󰂆󰂇󰂈󰂉"]},{"type":"bitmap","file":"icons:menu/sleep.png","ascent":13,"height":20,"chars":["󰁇"]},{"type":"bitmap","file":"icons:menu/world_creation.png","ascent":13,"height":20,"chars":["󰁢󰁣󰁤󰁥󰁦󰁧󰁨󰁩󰁪\u0000\u0000\u0000","󰁫󰁬󰁭󰁮󰁯\u0000\u0000\u0000\u0000\u0000\u0000\u0000"]},{"type":"bitmap","file":"icons:menu/singleplayer.png","ascent":13,"height":20,"chars":["󰀔󰀕󰀖󰀗"]},{"type":"bitmap","file":"icons:menu/multiplayer.png","ascent":13,"height":20,"chars":["󰀅󰀆"]},{"type":"bitmap","file":"icons:menu/online_options.png","ascent":13,"height":20,"chars":["󰀇"]},{"type":"bitmap","file":"icons:menu/game_rules.png","ascent":13,"height":20,"chars":["󰂊󰂋󰂌󰂍󰂎󰂏󰂐"]},{"type":"bitmap","file":"icons:menu/gamemenulogo.png","ascent":10,"height":50,"chars":["󰀥"]},{"type":"bitmap","file":"icons:items/tooltip/attributes.png","ascent":8,"height":9,"chars":["󰃽󰃾󰃿󰄀󰄁󰄂󰄃󰄄󰄅󰄆","󰄇󰄈󰄉󰄊󰄋󰄌󰄍󰄎󰄏󰄐"]},{"type":"bitmap","file":"icons:items/tooltip/pattern.png","ascent":8,"height":8,"chars":["󰅅󰅆󰅇󰅈󰅉󰅊"]},{"type":"bitmap","file":"icons:items/tooltip/food.png","ascent":8,"height":9,"chars":["󰅑󰅒󰅓󰅔","󰅕󰅖󰅗󰅘","󰅙󰅚󰅛󰅜","󰅝󰅞󰅟󰅠","󰅡󰅢󰅣󰅤","󰅥󰅦󰅧󰅨","󰅩󰅪󰅫󰅬","󰅭󰅮󰅯󰅰","󰅱󰅲󰅳󰅴","󰅵󰅶󰅷󰅸","󰅹󰅺󰅻󰅼","󰅽󰅾󰅿󰆀","󰆁󰆂󰆃󰆄","󰆅󰆆󰆇󰆈"]},{"type":"bitmap","file":"icons:items/tooltip/effects.png","ascent":8,"height":10,"chars":["󰆉󰆊󰆋󰆌󰆍󰆎󰆏󰆐","󰆑󰆒󰆓󰆔󰆕󰆖󰆗󰆘","󰆙󰆚󰆛󰆜󰆝󰆞󰆟󰆠","󰆡󰆢󰆣󰆤󰆥󰆦󰆧󰆨","󰆩󰆪󰆫󰆬󰆭󰆮󰆯󰆰"]},{"type":"bitmap","file":"icons:items/music/discs.png","ascent":8,"height":10,"chars":["󰆱󰆲󰆳󰆴󰆵󰆶󰆷","󰆸󰆹󰆺󰆻󰆼󰆽󰆾","󰆿󰇀󰇁󰇂󰇃󰇄󰇅"]},{"type":"bitmap","file":"icons:gui/item_groups.png","ascent":9,"height":10,"chars":["󰇆󰇇󰇈󰇉󰇊󰇋󰇌","󰇍󰇎󰇏󰇐󰇑󰇒󰇓"]},{"type":"bitmap","file":"icons:splash/caelesti.png","ascent":12,"height":21,"chars":["󰇘","󰇙"]},{"type":"bitmap","file":"icons:splash/splash.png","ascent":13,"height":16,"chars":["󰇚"]},{"type":"bitmap","file":"icons:splash/sus.png","ascent":13,"height":16,"chars":["󰇛"]},{"type":"bitmap","file":"icons:splash/pride.png","ascent":12,"height":12,"chars":["󰇜󰇝󰇞󰇟󰇠","󰇡󰇢󰇣󰇤󰇥"]},{"type":"bitmap","file":"icons:splash/king.png","ascent":16,"height":16,"chars":["󰇦"]},{"type":"bitmap","file":"icons:splash/blockstates.png","ascent":16,"height":36,"chars":["󰐅"]},{"type":"bitmap","file":"icons:splash/flowerpots.png","ascent":16,"height":30,"chars":["󰐆"]},{"type":"bitmap","file":"icons:splash/icons.png","ascent":16,"height":24,"chars":["󰐇"]},{"type":"bitmap","file":"icons:splash/iconsdarkmode.png","ascent":16,"height":45,"chars":["󰐈"]},{"type":"bitmap","file":"icons:splash/guides.png","ascent":16,"height":18,"chars":["󰐉"]},{"type":"bitmap","file":"icons:splash/guidesdarkmode.png","ascent":16,"height":42,"chars":["󰐊"]},{"type":"bitmap","file":"icons:splash/particles.png","ascent":16,"height":18,"chars":["󰐋"]},{"type":"bitmap","file":"icons:items/firework/dye.png","ascent":8,"height":9,"chars":["󰇬󰇭󰇮󰇯","󰇰󰇱󰇲󰇳","󰇴󰇵󰇶󰇷","󰇸󰇹󰇺󰇻"]},{"type":"bitmap","file":"icons:items/firework/shape.png","ascent":8,"height":9,"chars":["󰇼󰇽󰇾󰇿󰈀󰈁","󰈂󰈃󰈄󰈅󰈆󰈇"]},{"type":"bitmap","file":"icons:chat/gamemodes.png","ascent":8,"height":9,"chars":["󰈋󰈌󰈍󰈎󰈏􀙩"]},{"type":"bitmap","file":"icons:gui/anvil_enchantingtable.png","ascent":8,"height":10,"chars":["󰈐󰈑󰈒󰈓"]},{"type":"bitmap","file":"icons:advancement/advancement_groups.png","ascent":8,"height":10,"chars":["󰈕󰈖󰈗󰈘󰈙"]},{"type":"bitmap","file":"icons:advancement/advancement_categories.png","ascent":11,"height":15,"chars":["󰈚󰈛󰈜"]},{"type":"bitmap","file":"icons:items/tooltip/levels.png","ascent":7,"height":9,"chars":["󰈨󰈩󰈪󰈫󰈬","󰈭󰈮󰈯󰈰󰈱","󰈲󰈳󰈴󰈵󰈶","󰈷󰈸󰈹󰈺󰈻","󰈼󰈽󰈾󰈿󰉀","󰉁󰉂󰉃󰉄󰉅","󰉆󰉇󰉈󰉉󰉊","󰉋󰉌󰉍󰉎󰉏","󰉐󰉑󰉒󰉓󰉔","󰉕󰉖󰉗󰉘󰉙"]},{"type":"bitmap","file":"icons:menu/biomes.png","ascent":11,"height":16,"chars":["􄝿􄞀􄞁􄞂􄞃􄞄􄞅􄞆","􄞇􄞈􄞉􄞊􄞋􄞌􄞍􄞎","􄞏􄞐􄞑􄞒􄞓􄞔􄞕􄞖","􄞗􄞘􄞙􄞚􄞛􄞜􄞝􄞞","􄞟􄞠􄞡􄞢􄞣􄞤􄞥􄞦","􄞧􄞨􄞩􄞪􄞫􄞬􄞭􄞮","􄞯􄞰􄞱􄞲􄞳􄞴􄞵􄞶","􄞷􄞸􄞹􄞺􄞻􄞼􄞽􄞾"]},{"type":"bitmap","file":"icons:items/banner/border.png","ascent":9,"height":11,"chars":["􀄦","􀄧","􀄨","􀄩","􀄪","􀄫","􀄬","􀄭","􀄮","􀄯","􀄰","􀄱","􀄲","􀄳","􀄴","􀄵"]},{"type":"bitmap","file":"icons:items/banner/bricks.png","ascent":9,"height":11,"chars":["􀄶","􀄷","􀄸","􀄹","􀄺","􀄻","􀄼","􀄽","􀄾","􀄿","􀅀","􀅁","􀅂","􀅃","􀅄","􀅅"]},{"type":"bitmap","file":"icons:items/banner/circle.png","ascent":9,"height":11,"chars":["􀅆","􀅇","􀅈","􀅉","􀅊","􀅋","􀅌","􀅍","􀅎","􀅏","􀅐","􀅑","􀅒","􀅓","􀅔","􀅕"]},{"type":"bitmap","file":"icons:items/banner/creeper.png","ascent":9,"height":11,"chars":["􀅖","􀅗","􀅘","􀅙","􀅚","􀅛","􀅜","􀅝","􀅞","􀅟","􀅠","􀅡","􀅢","􀅣","􀅤","􀅥"]},{"type":"bitmap","file":"icons:items/banner/cross.png","ascent":9,"height":11,"chars":["􀅦","􀅧","􀅨","􀅩","􀅪","􀅫","􀅬","􀅭","􀅮","􀅯","􀅰","􀅱","􀅲","􀅳","􀅴","􀅵"]},{"type":"bitmap","file":"icons:items/banner/curly_border.png","ascent":9,"height":11,"chars":["􀅶","􀅷","􀅸","􀅹","􀅺","􀅻","􀅼","􀅽","􀅾","􀅿","􀆀","􀆁","􀆂","􀆃","􀆄","􀆅"]},{"type":"bitmap","file":"icons:items/banner/diagonal_left.png","ascent":9,"height":11,"chars":["􀆆","􀆇","􀆈","􀆉","􀆊","􀆋","􀆌","􀆍","􀆎","􀆏","􀆐","􀆑","􀆒","􀆓","􀆔","􀆕"]},{"type":"bitmap","file":"icons:items/banner/diagonal_right.png","ascent":9,"height":11,"chars":["􀆖","􀆗","􀆘","􀆙","􀆚","􀆛","􀆜","􀆝","􀆞","􀆟","􀆠","􀆡","􀆢","􀆣","􀆤","􀆥"]},{"type":"bitmap","file":"icons:items/banner/diagonal_up_left.png","ascent":9,"height":11,"chars":["􀆦","􀆧","􀆨","􀆩","􀆪","􀆫","􀆬","􀆭","􀆮","􀆯","􀆰","􀆱","􀆲","􀆳","􀆴","􀆵"]},{"type":"bitmap","file":"icons:items/banner/diagonal_up_right.png","ascent":9,"height":11,"chars":["􀆶","􀆷","􀆸","􀆹","􀆺","􀆻","􀆼","􀆽","􀆾","􀆿","􀇀","􀇁","􀇂","􀇃","􀇄","􀇅"]},{"type":"bitmap","file":"icons:items/banner/flower.png","ascent":9,"height":11,"chars":["􀇆","􀇇","􀇈","􀇉","􀇊","􀇋","􀇌","􀇍","􀇎","􀇏","􀇐","􀇑","􀇒","􀇓","􀇔","􀇕"]},{"type":"bitmap","file":"icons:items/banner/globe.png","ascent":9,"height":11,"chars":["􀇖","􀇗","􀇘","􀇙","􀇚","􀇛","􀇜","􀇝","􀇞","􀇟","􀇠","􀇡","􀇢","􀇣","􀇤","􀇥"]},{"type":"bitmap","file":"icons:items/banner/gradient.png","ascent":9,"height":11,"chars":["􀇦","􀇧","􀇨","􀇩","􀇪","􀇫","􀇬","􀇭","􀇮","􀇯","􀇰","􀇱","􀇲","􀇳","􀇴","􀇵"]},{"type":"bitmap","file":"icons:items/banner/gradient_up.png","ascent":9,"height":11,"chars":["􀇶","􀇷","􀇸","􀇹","􀇺","􀇻","􀇼","􀇽","􀇾","􀇿","􀈀","􀈁","􀈂","􀈃","􀈄","􀈅"]},{"type":"bitmap","file":"icons:items/banner/half_horizontal.png","ascent":9,"height":11,"chars":["􀈆","􀈇","􀈈","􀈉","􀈊","􀈋","􀈌","􀈍","􀈎","􀈏","􀈐","􀈑","􀈒","􀈓","􀈔","􀈕"]},{"type":"bitmap","file":"icons:items/banner/half_horizontal_bottom.png","ascent":9,"height":11,"chars":["􀈖","􀈗","􀈘","􀈙","􀈚","􀈛","􀈜","􀈝","􀈞","􀈟","􀈠","􀈡","􀈢","􀈣","􀈤","􀈥"]},{"type":"bitmap","file":"icons:items/banner/half_vertical.png","ascent":9,"height":11,"chars":["􀈦","􀈧","􀈨","􀈩","􀈪","􀈫","􀈬","􀈭","􀈮","􀈯","􀈰","􀈱","􀈲","􀈳","􀈴","􀈵"]},{"type":"bitmap","file":"icons:items/banner/half_vertical_right.png","ascent":9,"height":11,"chars":["􀈶","􀈷","􀈸","􀈹","􀈺","􀈻","􀈼","􀈽","􀈾","􀈿","􀉀","􀉁","􀉂","􀉃","􀉄","􀉅"]},{"type":"bitmap","file":"icons:items/banner/mojang.png","ascent":9,"height":11,"chars":["􀉆","􀉇","􀉈","􀉉","􀉊","􀉋","􀉌","􀉍","􀉎","􀉏","􀉐","􀉑","􀉒","􀉓","􀉔","􀉕"]},{"type":"bitmap","file":"icons:items/banner/piglin.png","ascent":9,"height":11,"chars":["􀉖","􀉗","􀉘","􀉙","􀉚","􀉛","􀉜","􀉝","􀉞","􀉟","􀉠","􀉡","􀉢","􀉣","􀉤","􀉥"]},{"type":"bitmap","file":"icons:items/banner/rhombus.png","ascent":9,"height":11,"chars":["􀉦","􀉧","􀉨","􀉩","􀉪","􀉫","􀉬","􀉭","􀉮","􀉯","􀉰","􀉱","􀉲","􀉳","􀉴","􀉵"]},{"type":"bitmap","file":"icons:items/banner/skull.png","ascent":9,"height":11,"chars":["􀉶","􀉷","􀉸","􀉹","􀉺","􀉻","􀉼","􀉽","􀉾","􀉿","􀊀","􀊁","􀊂","􀊃","􀊄","􀊅"]},{"type":"bitmap","file":"icons:items/banner/small_stripes.png","ascent":9,"height":11,"chars":["􀊆","􀊇","􀊈","􀊉","􀊊","􀊋","􀊌","􀊍","􀊎","􀊏","􀊐","􀊑","􀊒","􀊓","􀊔","􀊕"]},{"type":"bitmap","file":"icons:items/banner/square_bottom_left.png","ascent":9,"height":11,"chars":["􀊖","􀊗","􀊘","􀊙","􀊚","􀊛","􀊜","􀊝","􀊞","􀊟","􀊠","􀊡","􀊢","􀊣","􀊤","􀊥"]},{"type":"bitmap","file":"icons:items/banner/square_bottom_right.png","ascent":9,"height":11,"chars":["􀊦","􀊧","􀊨","􀊩","􀊪","􀊫","􀊬","􀊭","􀊮","􀊯","􀊰","􀊱","􀊲","􀊳","􀊴","􀊵"]},{"type":"bitmap","file":"icons:items/banner/square_top_left.png","ascent":9,"height":11,"chars":["􀊶","􀊷","􀊸","􀊹","􀊺","􀊻","􀊼","􀊽","􀊾","􀊿","􀋀","􀋁","􀋂","􀋃","􀋄","􀋅"]},{"type":"bitmap","file":"icons:items/banner/square_top_right.png","ascent":9,"height":11,"chars":["􀋆","􀋇","􀋈","􀋉","􀋊","􀋋","􀋌","􀋍","􀋎","􀋏","􀋐","􀋑","􀋒","􀋓","􀋔","􀋕"]},{"type":"bitmap","file":"icons:items/banner/straight_cross.png","ascent":9,"height":11,"chars":["􀋖","􀋗","􀋘","􀋙","􀋚","􀋛","􀋜","􀋝","􀋞","􀋟","􀋠","􀋡","􀋢","􀋣","􀋤","􀋥"]},{"type":"bitmap","file":"icons:items/banner/stripe_bottom.png","ascent":9,"height":11,"chars":["􀋦","􀋧","􀋨","􀋩","􀋪","􀋫","􀋬","􀋭","􀋮","􀋯","􀋰","􀋱","􀋲","􀋳","􀋴","􀋵"]},{"type":"bitmap","file":"icons:items/banner/stripe_center.png","ascent":9,"height":11,"chars":["􀋶","􀋷","􀋸","􀋹","􀋺","􀋻","􀋼","􀋽","􀋾","􀋿","􀌀","􀌁","􀌂","􀌃","􀌄","􀌅"]},{"type":"bitmap","file":"icons:items/banner/stripe_downleft.png","ascent":9,"height":11,"chars":["􀌆","􀌇","􀌈","􀌉","􀌊","􀌋","􀌌","􀌍","􀌎","􀌏","􀌐","􀌑","􀌒","􀌓","􀌔","􀌕"]},{"type":"bitmap","file":"icons:items/banner/stripe_downright.png","ascent":9,"height":11,"chars":["􀌖","􀌗","􀌘","􀌙","􀌚","􀌛","􀌜","􀌝","􀌞","􀌟","􀌠","􀌡","􀌢","􀌣","􀌤","􀌥"]},{"type":"bitmap","file":"icons:items/banner/stripe_left.png","ascent":9,"height":11,"chars":["􀌦","􀌧","􀌨","􀌩","􀌪","􀌫","􀌬","􀌭","􀌮","􀌯","􀌰","􀌱","􀌲","􀌳","􀌴","􀌵"]},{"type":"bitmap","file":"icons:items/banner/stripe_middle.png","ascent":9,"height":11,"chars":["􀌶","􀌷","􀌸","􀌹","􀌺","􀌻","􀌼","􀌽","􀌾","􀌿","􀍀","􀍁","􀍂","􀍃","􀍄","􀍅"]},{"type":"bitmap","file":"icons:items/banner/stripe_right.png","ascent":9,"height":11,"chars":["􀍆","􀍇","􀍈","􀍉","􀍊","􀍋","􀍌","􀍍","􀍎","􀍏","􀍐","􀍑","􀍒","􀍓","􀍔","􀍕"]},{"type":"bitmap","file":"icons:items/banner/stripe_top.png","ascent":9,"height":11,"chars":["􀍖","􀍗","􀍘","􀍙","􀍚","􀍛","􀍜","􀍝","􀍞","􀍟","􀍠","􀍡","􀍢","􀍣","􀍤","􀍥"]},{"type":"bitmap","file":"icons:items/banner/triangle_bottom.png","ascent":9,"height":11,"chars":["􀍦","􀍧","􀍨","􀍩","􀍪","􀍫","􀍬","􀍭","􀍮","􀍯","􀍰","􀍱","􀍲","􀍳","􀍴","􀍵"]},{"type":"bitmap","file":"icons:items/banner/triangle_top.png","ascent":9,"height":11,"chars":["􀍶","􀍷","􀍸","􀍹","􀍺","􀍻","􀍼","􀍽","􀍾","􀍿","􀎀","􀎁","􀎂","􀎃","􀎄","􀎅"]},{"type":"bitmap","file":"icons:items/banner/triangles_bottom.png","ascent":9,"height":11,"chars":["􀎆","􀎇","􀎈","􀎉","􀎊","􀎋","􀎌","􀎍","􀎎","􀎏","􀎐","􀎑","􀎒","􀎓","􀎔","􀎕"]},{"type":"bitmap","file":"icons:items/banner/triangles_top.png","ascent":9,"height":11,"chars":["􀎖","􀎗","􀎘","􀎙","􀎚","􀎛","􀎜","􀎝","􀎞","􀎟","􀎠","􀎡","􀎢","􀎣","􀎤","􀎥"]},{"type":"bitmap","file":"icons:menu/language.png","ascent":10,"height":11,"chars":["􀀀􀀁􀀂􀀃􀀄􀀅􀀆􀀇􀀈􀀉􀀊􀀋􀀌􀀍􀀎􀀏􀀐􀀑􀀒􀀓􀀔􀀕􀀖􀀗􀀘􀀙􀀚􀀛􀀜􀀝􀀞􀀟","􀀠􀀡􀀢􀀣􀀤􀀥􀀦􀀧􀀨􀀩􀀪􀀫􀀬􀀭􀀮􀀯􀀰􀀱􀀲􀀳􀀴􀀵􀀶􀀷􀀸􀀹􀀺􀀻􀀼􀀽􀀾􀀿","􀁀􀁁􀁂􀁃􀁄􀁅􀁆􀁇􀁈􀁉􀁊􀁋􀁌􀁍􀁎􀁏􀁐􀁑􀁒􀁓􀁔􀁕􀁖􀁗􀁘􀁙􀁚􀁛􀁜􀁝􀁞􀁟","􀁠􀁡􀁢􀁣􀁤􀁥􀁦􀁧􀁨􀁩􀁪􀁫􀁬􀁭􀁮􀁯􀁰􀁱􀁲􀁳􀁴􀁵􀁶􀁷􀁸􀁹􀁺􀁻􀁼􀁽􀁾􀁿"]},{"type":"bitmap","file":"icons:items/spawneggs/mobs.png","ascent":26,"height":26,"chars":["􀐐􀐑􀐒􀐓􀐔􀐕􀐖􀐗􀐘","􀐙􀐚􀐛􀐜􀐝􀐞􀐟􀐠􀐡","􀐢􀐣􀐤􀐥􀐦􀐧􀐨􀐩􀐪","􀐫􀐬􀐭􀐮􀐯􀐰􀐱􀐲􀐳","􀐴􀐵􀐶􀐷􀐸􀐹􀐺􀐻􀐼","􀐽􀐾􀐿􀑀􀑁􀑂􀑃􀑄􀑅","􀑆􀑇􀑈􀑉􀑊􀑋􀑌􀑍􀑎","􀑏􀑐􀑑􀑒􀑓􀑔􀑕􀑖􀑗","􀑘􀑙􀑚􀑛􀑜􀑝􀑞􀑟􀑠","􀑡􀑢􀑣􀑤􀑥􀑦􀑧􀑨􀑩"]},{"type":"bitmap","file":"icons:items/tropical_fish/type.png","ascent":16,"height":16,"chars":["􏿆􏿇􏿈􏿉􏿚􏿛","􏿜􏿝􏿞􏿟􏿐􏿑"]},{"type":"bitmap","file":"icons:items/tropical_fish/predefined.png","ascent":16,"height":16,"chars":["􏿒􏿓􏿔􏿕􏿖􏿗","􏿘􏿙􏿪􏿫􏿬􏿭","􏿮􏿯􏿠􏿡􏿢􏿣","􏿤􏿥􏿦􏿧􏿨􏿩"]},{"type":"bitmap","file":"icons:items/music/horn.png","ascent":8,"height":10,"chars":["􏾫􏾬􏾭􏾮","􏾯􏾠􏾡􏾢"]},{"type":"bitmap","file":"icons:items/map/info.png","ascent":8,"height":9,"chars":["􏾣􏾤","􏾥􏾦"]},{"type":"bitmap","file":"icons:items/tooltip/trim_pattern.png","ascent":8,"height":10,"chars":["􁽐􁽑􁽒􁽓􁽔􁽕􁽖􁽗","􁽘􁽙􁽚􁽛􁽜􁽝􁽞􁽟"]},{"type":"bitmap","file":"icons:items/tooltip/trim_material.png","ascent":9,"height":10,"chars":["􏾲􏾳􏾴􏾵􏾶􏾷􏾸􏾹􏿊􏿋"]},{"type":"bitmap","file":"icons:items/tooltip/smithing_upgrade.png","ascent":8,"height":10,"chars":["􏿌􏿍􏿎􏿏􏿀"]},{"type":"bitmap","file":"icons:items/tooltip/enchantment.png","ascent":8,"height":9,"chars":["󸀀󸀁󸀂󸀃󸀄󸀅󸀆󸀇","󸀈󸀉󸀊󸀋󸀌󸀍󸀎󸀏","󸀐󸀑󸀒󸀓󸀔󸀕󸀖󸀗","󸀘󸀙󸀚󸀛󸀜󸀝󸀞󸀟","󸀠󸀡󸀢󸀣󸀤󸀥󸀦󸀧"]},{"type":"bitmap","file":"icons:items/tooltip/armor.png","ascent":8,"height":9,"chars":["󾌊󾌋󾌘󾌙","󾌌󾌍󾌚󾌛","󾌎󾌏󾌜󾌝","󾌐󾌑󾌞󾌟","󾌒󾌓󾌠󾌡","󾌔󾌕󾌢󾌣","󾌖󾌗󾌤󾌥"]},{"type":"bitmap","file":"icons:items/painting/paintings.png","ascent":16,"height":16,"chars":["􆧐􆧑􆧒􆧓􆧔􆧕􆧖􆧗􆧘􆧙","􆧚􆧛􆧜􆧝􆧞􆧟􆧠􆧡􆧢􆧣","􆧤􆧥􆧦􆧧􆧨􆧩􆧪􆧫􆧬􆧭"]},{"type":"bitmap","file":"icons:items/music/disc_time.png","ascent":5,"height":5,"chars":["􆭑","􆭒","􆭓","􆭔","􆭕","􆭖","􆭗","􆭘","􆭙","􆭚","􆭛","􆭜","􆭝","􆭞","􆭟","􆭡"]},{"type":"bitmap","file":"icons:items/music/horn_time.png","ascent":5,"height":5,"chars":["􆭉","􆭊","􆭋","􆭌","􆭍","􆭎","􆭏","􆭐"]},{"type":"bitmap","file":"minecraft:sb/clock.png","ascent":11,"height":11,"chars":["◖"]},{"type":"bitmap","file":"minecraft:sb/island.png","ascent":11,"height":11,"chars":["⇛"]},{"type":"bitmap","file":"minecraft:sb/money.png","ascent":11,"height":11,"chars":["𓀼"]},{"type":"bitmap","file":"minecraft:sb/worldfile.png","ascent":22,"height":22,"chars":["🌍"]},{"type":"bitmap","file":"space:font/space_nosplit.png","ascent":-32768,"height":-3,"chars":[""]},{"type":"bitmap","file":"space:font/space_nosplit.png","ascent":-32768,"height":-4,"chars":[""]},{"type":"bitmap","file":"space:font/space_nosplit.png","ascent":-32768,"height":-5,"chars":[""]},{"type":"bitmap","file":"space:font/space_nosplit.png","ascent":-32768,"height":-6,"chars":[""]},{"type":"bitmap","file":"space:font/space_nosplit.png","ascent":-32768,"height":-7,"chars":[""]},{"type":"bitmap","file":"space:font/space_nosplit.png","ascent":-32768,"height":-8,"chars":[""]},{"type":"bitmap","file":"space:font/space_nosplit.png","ascent":-32768,"height":-9,"chars":[""]},{"type":"bitmap","file":"space:font/space_nosplit.png","ascent":-32768,"height":-10,"chars":[""]},{"type":"bitmap","file":"space:font/space_nosplit.png","ascent":-32768,"height":-18,"chars":[""]},{"type":"bitmap","file":"space:font/space_nosplit.png","ascent":-32768,"height":-34,"chars":[""]},{"type":"bitmap","file":"space:font/space_nosplit.png","ascent":-32768,"height":-66,"chars":[""]},{"type":"bitmap","file":"space:font/space_nosplit.png","ascent":-32768,"height":-130,"chars":[""]},{"type":"bitmap","file":"space:font/space_nosplit.png","ascent":-32768,"height":-258,"chars":[""]},{"type":"bitmap","file":"space:font/space_nosplit.png","ascent":-32768,"height":-514,"chars":[""]},{"type":"bitmap","file":"space:font/space_nosplit.png","ascent":-32768,"height":-1026,"chars":[""]},{"type":"bitmap","file":"space:font/space_nosplit.png","ascent":-65536,"height":-32770,"chars":[""]},{"type":"bitmap","file":"space:font/space_nosplit.png","ascent":-32768,"height":0,"chars":[""]},{"type":"bitmap","file":"space:font/space_nosplit.png","ascent":-32768,"height":1,"chars":[""]},{"type":"bitmap","file":"space:font/space_nosplit.png","ascent":-32768,"height":2,"chars":[""]},{"type":"bitmap","file":"space:font/space_nosplit.png","ascent":-32768,"height":3,"chars":[""]},{"type":"bitmap","file":"space:font/space_nosplit.png","ascent":-32768,"height":4,"chars":[""]},{"type":"bitmap","file":"space:font/space_nosplit.png","ascent":-32768,"height":5,"chars":[""]},{"type":"bitmap","file":"space:font/space_nosplit.png","ascent":-32768,"height":6,"chars":[""]},{"type":"bitmap","file":"space:font/space_nosplit.png","ascent":-32768,"height":7,"chars":[""]},{"type":"bitmap","file":"space:font/space_nosplit.png","ascent":-32768,"height":15,"chars":[""]},{"type":"bitmap","file":"space:font/space_nosplit.png","ascent":-32768,"height":31,"chars":[""]},{"type":"bitmap","file":"space:font/space_nosplit.png","ascent":-32768,"height":63,"chars":[""]},{"type":"bitmap","file":"space:font/space_nosplit.png","ascent":-32768,"height":127,"chars":[""]},{"type":"bitmap","file":"space:font/space_nosplit.png","ascent":-32768,"height":255,"chars":[""]},{"type":"bitmap","file":"space:font/space_nosplit.png","ascent":-32768,"height":511,"chars":[""]},{"type":"bitmap","file":"space:font/space_nosplit.png","ascent":-32768,"height":1023,"chars":[""]},{"type":"bitmap","file":"space:font/space_nosplit.png","ascent":-65536,"height":32767,"chars":[""]},{"ascent":8,"chars":["㐁"],"file":"emojis:emojis/grin.png","height":9,"type":"bitmap"},{"ascent":8,"chars":["㐄"],"file":"emojis:emojis/innocent.png","height":9,"type":"bitmap"},{"ascent":8,"chars":["㐂"],"file":"emojis:emojis/grinning.png","height":9,"type":"bitmap"},{"ascent":8,"chars":["㐉"],"file":"emojis:emojis/pensive.png","height":9,"type":"bitmap"},{"ascent":8,"chars":["㐍"],"file":"emojis:emojis/slight_smile.png","height":9,"type":"bitmap"},{"ascent":8,"chars":["㐎"],"file":"emojis:emojis/smile.png","height":9,"type":"bitmap"},{"ascent":8,"chars":["㐒"],"file":"emojis:emojis/smiling_hearts.png","height":9,"type":"bitmap"},{"ascent":8,"chars":["㐊"],"file":"emojis:emojis/relaxed.png","height":9,"type":"bitmap"},{"ascent":8,"chars":["㐃"],"file":"emojis:emojis/heart_eyes.png","height":9,"type":"bitmap"},{"ascent":8,"chars":["㐓"],"file":"emojis:emojis/smiling_tear.png","height":9,"type":"bitmap"},{"ascent":8,"chars":["㐅"],"file":"emojis:emojis/joy.png","height":9,"type":"bitmap"},{"ascent":8,"chars":["㐏"],"file":"emojis:emojis/sweat_smile.png","height":9,"type":"bitmap"},{"ascent":8,"chars":["㐆"],"file":"emojis:emojis/kissing.png","height":9,"type":"bitmap"},{"ascent":8,"chars":["㐌"],"file":"emojis:emojis/rofl.png","height":9,"type":"bitmap"},{"ascent":8,"chars":["㐀"],"file":"emojis:emojis/blush.png","height":9,"type":"bitmap"},{"ascent":8,"chars":["㐑"],"file":"emojis:emojis/wink.png","height":9,"type":"bitmap"},{"ascent":8,"chars":["㐐"],"file":"emojis:emojis/upside_down.png","height":9,"type":"bitmap"},{"ascent":8,"chars":["㐋"],"file":"emojis:emojis/relieved.png","height":9,"type":"bitmap"},{"ascent":8,"chars":["㐇"],"file":"emojis:emojis/kissing_heart.png","height":9,"type":"bitmap"},{"ascent":8,"chars":["㐈"],"file":"emojis:emojis/laughing.png","height":9,"type":"bitmap"},{"type":"bitmap","file":"skyblock:emojis/money.png","ascent":-3.8,"height":14,"chars":["⺓"]},{"type":"bitmap","file":"skyblock:emojis/money.png","ascent":0,"height":7,"chars":["ꢤ"]},{"type":"bitmap","file":"skyblock:emojis/money.png","ascent":-11,"height":14,"chars":["⿒"]},{"type":"bitmap","file":"skyblock:numbers/numbers.png","ascent":-8,"height":8,"chars":["저적젂젃전젅젆젇절젉젊젋"]},{"type":"bitmap","file":"skyblock:numbers/numbers.png","ascent":-15,"height":8,"chars":["⿓⿔⿕⿖⿗⿘⿙⿚⿛⿜⿝⿞"]},{"type":"bitmap","file":"skyblock:emojis/ender_eye.png","height":11,"ascent":10,"chars":["丂"]},{"type":"bitmap","file":"skyblock:emojis/honeycomb.png","height":8,"ascent":7,"chars":["七"]},{"type":"bitmap","file":"skyblock:emojis/diamond.png","height":9,"ascent":8,"chars":["亖"]},{"type":"bitmap","file":"skyblock:emojis/soul_campfire.png","height":9,"ascent":8,"chars":["亗"]},{"type":"bitmap","file":"skyblock:emojis/enchanted_book.png","height":9,"ascent":8,"chars":["亘"]},{"type":"bitmap","file":"skyblock:emojis/bundle_filled.png","height":9,"ascent":8,"chars":["亙"]},{"type":"bitmap","file":"skyblock:emojis/experience_bottle.png","height":8,"ascent":8,"chars":["亚"]},{"type":"bitmap","file":"skyblock:emojis/heart_of_the_sea.png","height":9,"ascent":8,"chars":["些"]},{"type":"bitmap","file":"skyblock:emojis/golden_apple.png","height":9,"ascent":8,"chars":["亜"]},{"type":"bitmap","file":"skyblock:emojis/kelp.png","height":9,"ascent":8,"chars":["亝"]},{"type":"bitmap","file":"skyblock:emojis/popped_chorus_fruit.png","height":9,"ascent":8,"chars":["亞"]},{"type":"bitmap","file":"skyblock:emojis/crossbow_firework.png","height":9,"ascent":8,"chars":["亟"]},{"type":"bitmap","file":"skyblock:emojis/fishing_rod.png","height":9,"ascent":8,"chars":["亠"]},{"type":"bitmap","file":"skyblock:emojis/end_crystal.png","height":9,"ascent":8,"chars":["亡"]},{"type":"bitmap","file":"skyblock:emojis/island.png","height":12,"ascent":9,"chars":["亢"]},{"type":"bitmap","file":"skyblock:emojis/recovery_compass_02.png","height":10,"ascent":8,"chars":["丄"]},{"type":"bitmap","file":"skyblock:emojis/spyglass.png","height":10,"ascent":8,"chars":["丅"]},{"type":"bitmap","file":"skyblock:emojis/axolotl_bucket.png","height":10,"ascent":8,"chars":["丆"]},{"type":"bitmap","file":"skyblock:emojis/cookie.png","height":10,"ascent":8,"chars":["🍨"]},{"type":"bitmap","file":"skyblock:emojis/experience_bottle.png","height":10,"ascent":8,"chars":["🍅"]},{"type":"bitmap","file":"skyblock:guis/shop.png","ascent":130,"height":256,"chars":["万"]},{"type":"bitmap","file":"skyblock:guis/arrow.png","height":7,"ascent":-25,"chars":["丈"]},{"type":"bitmap","file":"skyblock:guis/profile.png","ascent":130,"height":256,"chars":["三"]},{"type":"bitmap","file":"skyblock:guis/staffprofile.png","ascent":130,"height":256,"chars":["仟"]},{"type":"bitmap","file":"skyblock:guis/status.png","height":4,"ascent":-6,"chars":["上下丑"]},{"type":"bitmap","file":"skyblock:emojis/ranks/player.png","ascent":-11,"height":7,"chars":["丛"]},{"type":"bitmap","file":"skyblock:emojis/ranks/chicken.png","ascent":-11,"height":7,"chars":["丌"]},{"type":"bitmap","file":"skyblock:emojis/ranks/parrot.png","ascent":-11,"height":7,"chars":["不"]},{"type":"bitmap","file":"skyblock:emojis/ranks/dolphin.png","ascent":-11,"height":7,"chars":["与"]},{"type":"bitmap","file":"skyblock:emojis/ranks/piglin.png","ascent":-11,"height":7,"chars":["丏"]},{"type":"bitmap","file":"skyblock:emojis/ranks/dragon.png","ascent":-11,"height":7,"chars":["丐"]},{"type":"bitmap","file":"skyblock:emojis/ranks/admin.png","ascent":-11,"height":7,"chars":["乆"]},{"type":"bitmap","file":"skyblock:emojis/ranks/helper.png","ascent":-11,"height":7,"chars":["乇"]},{"type":"bitmap","file":"skyblock:emojis/ranks/mod.png","ascent":-11,"height":7,"chars":["么"]},{"type":"bitmap","file":"skyblock:emojis/ranks/owner.png","ascent":-11,"height":7,"chars":["义"]},{"type":"bitmap","file":"skyblock:emojis/ranks/srmod.png","ascent":-11,"height":7,"chars":["乊"]},{"type":"bitmap","file":"skyblock:emojis/ranks/staff.png","ascent":-23,"height":7,"chars":["之"]},{"type":"bitmap","file":"skyblock:emojis/left.png","ascent":-11,"height":7,"chars":["🌮"]},{"type":"bitmap","file":"skyblock:emojis/left.png","ascent":7,"height":7,"chars":["🍏"]},{"type":"bitmap","file":"skyblock:emojis/numbers.png","ascent":-11,"height":7,"chars":["亣交亥亦产亨亩亪享京"]},{"type":"bitmap","file":"skyblock:emojis/numbers.png","ascent":7,"height":7,"chars":["东丝丞丟丠両丢丣两严"]},{"type":"bitmap","file":"skyblock:emojis/ranks/player.png","ascent":7,"height":7,"chars":["业"]},{"type":"bitmap","file":"skyblock:emojis/ranks/chicken.png","ascent":7,"height":7,"chars":["丕"]},{"type":"bitmap","file":"skyblock:emojis/ranks/parrot.png","ascent":7,"height":7,"chars":["世"]},{"type":"bitmap","file":"skyblock:emojis/ranks/dolphin.png","ascent":7,"height":7,"chars":["丗"]},{"type":"bitmap","file":"skyblock:emojis/ranks/piglin.png","ascent":7,"height":7,"chars":["丘"]},{"type":"bitmap","file":"skyblock:emojis/ranks/dragon.png","ascent":7,"height":7,"chars":["丙"]},{"type":"bitmap","file":"skyblock:emojis/ranks/admin.png","ascent":7,"height":7,"chars":["乀"]},{"type":"bitmap","file":"skyblock:emojis/ranks/helper.png","ascent":7,"height":7,"chars":["乁"]},{"type":"bitmap","file":"skyblock:emojis/ranks/mod.png","ascent":7,"height":7,"chars":["乂"]},{"type":"bitmap","file":"skyblock:emojis/ranks/owner.png","ascent":7,"height":7,"chars":["乃"]},{"type":"bitmap","file":"skyblock:emojis/ranks/srmod.png","ascent":7,"height":7,"chars":["乄"]},{"type":"bitmap","file":"skyblock:emojis/ranks/staff.png","ascent":7,"height":7,"chars":["久"]},{"type":"bitmap","file":"skyblock:emojis/ranks/island-member.png","ascent":7,"height":7,"chars":["ㄞ"]},{"type":"bitmap","file":"skyblock:emojis/ranks/island-coop.png","ascent":7,"height":7,"chars":["ㄟ"]},{"type":"bitmap","file":"skyblock:emojis/ranks/island-visitor.png","ascent":7,"height":7,"chars":["ㄠ"]},{"type":"bitmap","file":"skyblock:emojis/ranks/island-mod.png","ascent":7,"height":7,"chars":["ㄡ"]},{"type":"bitmap","file":"skyblock:emojis/ranks/island-admin.png","ascent":7,"height":7,"chars":["ㄢ"]},{"type":"bitmap","file":"skyblock:emojis/ranks/island-owner.png","ascent":7,"height":7,"chars":["ㄣ"]},{"type":"bitmap","file":"skyblock:guis/setting_p1.png","ascent":130,"height":256,"chars":["乜"]},{"type":"bitmap","file":"skyblock:guis/setting_p2.png","ascent":130,"height":256,"chars":["九"]},{"type":"bitmap","file":"skyblock:guis/is_settings_p1.png","ascent":130,"height":256,"chars":["仁"]},{"type":"bitmap","file":"skyblock:guis/is_settings_p2.png","ascent":130,"height":256,"chars":["仂"]},{"type":"bitmap","file":"skyblock:guis/is_settings_p3.png","ascent":130,"height":256,"chars":["仃"]},{"type":"bitmap","file":"skyblock:guis/is_settings_p4.png","ascent":130,"height":256,"chars":["仄"]},{"type":"bitmap","file":"skyblock:emojis/chat.png","height":8,"ascent":6,"chars":["乞"]},{"type":"bitmap","file":"skyblock:emojis/effects/absorption.png","height":9,"ascent":9,"chars":["也"]},{"type":"bitmap","file":"skyblock:emojis/effects/blindness.png","height":9,"ascent":9,"chars":["习"]},{"type":"bitmap","file":"skyblock:emojis/effects/conduit_power.png","height":9,"ascent":9,"chars":["乡"]},{"type":"bitmap","file":"skyblock:emojis/effects/darkness.png","height":9,"ascent":9,"chars":["乢"]},{"type":"bitmap","file":"skyblock:emojis/effects/dolphins_grace.png","height":9,"ascent":9,"chars":["乣"]},{"type":"bitmap","file":"skyblock:emojis/effects/fire_resistance.png","height":9,"ascent":9,"chars":["乤"]},{"type":"bitmap","file":"skyblock:emojis/effects/glowing.png","height":9,"ascent":9,"chars":["乥"]},{"type":"bitmap","file":"skyblock:emojis/effects/haste.png","height":9,"ascent":9,"chars":["书"]},{"type":"bitmap","file":"skyblock:emojis/effects/health_boost.png","height":9,"ascent":9,"chars":["乧"]},{"type":"bitmap","file":"skyblock:emojis/effects/hunger.png","height":9,"ascent":9,"chars":["乨"]},{"type":"bitmap","file":"skyblock:emojis/effects/jump_boost.png","height":9,"ascent":9,"chars":["乩"]},{"type":"bitmap","file":"skyblock:emojis/effects/levitation.png","height":9,"ascent":9,"chars":["乪"]},{"type":"bitmap","file":"skyblock:emojis/effects/luck.png","height":9,"ascent":9,"chars":["乫"]},{"type":"bitmap","file":"skyblock:emojis/effects/mining_fatigue.png","height":9,"ascent":9,"chars":["乬"]},{"type":"bitmap","file":"skyblock:emojis/effects/nausea.png","height":9,"ascent":9,"chars":["乭"]},{"type":"bitmap","file":"skyblock:emojis/effects/night_vision.png","height":9,"ascent":9,"chars":["乮"]},{"type":"bitmap","file":"skyblock:emojis/effects/poison.png","height":9,"ascent":9,"chars":["乯"]},{"type":"bitmap","file":"skyblock:emojis/effects/regeneration.png","height":9,"ascent":9,"chars":["买"]},{"type":"bitmap","file":"skyblock:emojis/effects/resistance.png","height":9,"ascent":9,"chars":["乱"]},{"type":"bitmap","file":"skyblock:emojis/effects/saturation.png","height":9,"ascent":9,"chars":["乲"]},{"type":"bitmap","file":"skyblock:emojis/effects/slow_falling.png","height":9,"ascent":9,"chars":["乳"]},{"type":"bitmap","file":"skyblock:emojis/effects/slowness.png","height":9,"ascent":9,"chars":["乴"]},{"type":"bitmap","file":"skyblock:emojis/effects/speed.png","height":9,"ascent":9,"chars":["乵"]},{"type":"bitmap","file":"skyblock:emojis/effects/strength.png","height":9,"ascent":9,"chars":["乶"]},{"type":"bitmap","file":"skyblock:emojis/effects/unluck.png","height":9,"ascent":9,"chars":["乷"]},{"type":"bitmap","file":"skyblock:emojis/effects/water_breathing.png","height":9,"ascent":9,"chars":["乸"]},{"type":"bitmap","file":"skyblock:emojis/effects/weakness.png","height":9,"ascent":9,"chars":["乹"]},{"type":"bitmap","file":"skyblock:emojis/effects/wither.png","height":9,"ascent":9,"chars":["乺"]},{"type":"bitmap","file":"skyblock:emojis/tags/amethyst_shard.png","height":9,"ascent":-10,"chars":["乻"]},{"type":"bitmap","file":"skyblock:emojis/tags/axolotl_bucket.png","height":9,"ascent":-10,"chars":["乼"]},{"type":"bitmap","file":"skyblock:emojis/tags/emerald.png","height":10,"ascent":-10,"chars":["乽"]},{"type":"bitmap","file":"skyblock:emojis/tags/end_crystal.png","height":9,"ascent":-10,"chars":["乾"]},{"type":"bitmap","file":"skyblock:emojis/tags/heart_of_the_sea.png","height":9,"ascent":-10,"chars":["乿"]},{"type":"bitmap","file":"skyblock:emojis/tags/honeycomb.png","height":9,"ascent":-10,"chars":["亀"]},{"type":"bitmap","file":"skyblock:emojis/tags/magma_cream.png","height":9,"ascent":-10,"chars":["亁"]},{"type":"bitmap","file":"skyblock:emojis/tags/totem_of_undying.png","height":9,"ascent":-10,"chars":["亂"]},{"type":"bitmap","file":"skyblock:emojis/tags/emerald.png","height":10,"ascent":9,"chars":["亃"]},{"type":"bitmap","file":"skyblock:emojis/tags/end_crystal.png","height":9,"ascent":8,"chars":["亄"]},{"type":"bitmap","file":"skyblock:emojis/tags/heart_of_the_sea.png","height":9,"ascent":8,"chars":["亅"]},{"type":"bitmap","file":"skyblock:emojis/tags/honeycomb.png","height":9,"ascent":8,"chars":["了"]},{"type":"bitmap","file":"skyblock:emojis/tags/magma_cream.png","height":9,"ascent":8,"chars":["亇"]},{"type":"bitmap","file":"skyblock:emojis/tags/totem_of_undying.png","height":9,"ascent":8,"chars":["予"]},{"type":"bitmap","file":"skyblock:emojis/btn-onl.png","ascent":-6,"height":14,"chars":["争"]},{"type":"bitmap","file":"skyblock:emojis/btn-onl.png","ascent":-24,"height":14,"chars":["亊"]},{"type":"bitmap","file":"skyblock:emojis/btn-onl.png","ascent":-42,"height":14,"chars":["事"]},{"type":"bitmap","file":"skyblock:emojis/btn-onl.png","ascent":-60,"height":14,"chars":["二"]},{"type":"bitmap","file":"skyblock:emojis/btn-off.png","ascent":-6,"height":14,"chars":["亍"]},{"type":"bitmap","file":"skyblock:emojis/btn-off.png","ascent":-24,"height":14,"chars":["于"]},{"type":"bitmap","file":"skyblock:emojis/btn-off.png","ascent":-42,"height":14,"chars":["亏"]},{"type":"bitmap","file":"skyblock:emojis/btn-off.png","ascent":-60,"height":14,"chars":["亐"]},{"type":"bitmap","file":"skyblock:emojis/farm.png","ascent":9,"height":12,"chars":["云"]},{"type":"bitmap","file":"skyblock:emojis/hunter.png","ascent":9,"height":12,"chars":["互"]},{"type":"bitmap","file":"skyblock:emojis/miner.png","ascent":9,"height":12,"chars":["亓"]},{"type":"bitmap","file":"skyblock:emojis/woodcutter.png","ascent":9,"height":12,"chars":["五"]},{"type":"bitmap","file":"skyblock:emojis/fisherman.png","ascent":9,"height":12,"chars":["什"]},{"type":"bitmap","file":"skyblock:emojis/digger.png","ascent":9,"height":12,"chars":["从"]},{"type":"bitmap","file":"skyblock:emojis/enchant.png","ascent":9,"height":12,"chars":["仏"]},{"type":"bitmap","file":"skyblock:emojis/explorer.png","ascent":9,"height":12,"chars":["仐"]},{"type":"bitmap","file":"skyblock:emojis/clock.png","ascent":8,"height":10,"chars":["井"]},{"type":"bitmap","file":"skyblock:emojis/tags/cactus.png","height":9,"ascent":8,"chars":["仅"]},{"type":"bitmap","file":"skyblock:emojis/tags/frog.png","height":9,"ascent":8,"chars":["仆"]},{"type":"bitmap","file":"skyblock:emojis/tags/owl.png","height":9,"ascent":8,"chars":["仇"]},{"type":"bitmap","file":"skyblock:emojis/tier/common.png","ascent":7,"height":7,"chars":["仈"]},{"type":"bitmap","file":"skyblock:emojis/tier/cosmetic.png","ascent":7,"height":7,"chars":["仉"]},{"type":"bitmap","file":"skyblock:emojis/tier/furniture.png","ascent":7,"height":7,"chars":["今"]},{"type":"bitmap","file":"skyblock:emojis/tier/limit.png","ascent":7,"height":7,"chars":["介"]},{"type":"bitmap","file":"skyblock:emojis/tier/paintable.png","ascent":7,"height":7,"chars":["仌"]},{"type":"bitmap","file":"skyblock:emojis/tier/souls.png","ascent":7,"height":7,"chars":["仍"]}]}